order_id,order_date,category,subcategory,state,segment,quantity,unit_price,discount,sales,profit
O-100158,2023-01-07,Office Supplies,Storage,NY,Home Office,5,24.12,0.16,101.77,21.45
O-101142,2023-01-08,Office Supplies,Storage,GA,Corporate,5,17.91,0.11,79.57,30.79
O-100613,2023-01-10,Office Supplies,Paper,NY,Consumer,1,54.31,0.19,43.87,10.02
O-100995,2023-01-11,Office Supplies,Storage,TX,Corporate,3,28.95,0.11,77.21,20.98
O-100772,2023-01-13,Furniture,Tables,GA,Consumer,3,16.88,0.06,47.77,15.59
O-101164,2023-01-14,Technology,Phones,TX,Consumer,5,43.22,0.34,142.71,19.68
O-100888,2023-01-15,Furniture,Bookcases,WA,Consumer,4,26.29,0.05,99.55,25.2
O-100563,2023-01-15,Technology,Phones,NC,Home Office,4,74.97,0.03,290.41,102.44
O-100538,2023-01-18,Furniture,Tables,GA,Consumer,2,24.61,0.04,47.2,12.41
O-101031,2023-01-18,Furniture,Chairs,PA,Consumer,4,27.3,0.09,99.2,32.01
O-100336,2023-01-18,Office Supplies,Binders,GA,Consumer,2,39.52,0.44,44.51,15.93
O-100224,2023-01-19,Technology,Accessories,WA,Corporate,3,39.95,0.3,84.0,14.44
O-100331,2023-01-20,Office Supplies,Paper,PA,Consumer,1,36.54,0.09,33.23,12.35
O-100388,2023-01-20,Office Supplies,Storage,FL,Consumer,1,19.13,0.01,18.96,3.2
O-100409,2023-01-20,Furniture,Chairs,GA,Consumer,3,38.07,0.12,100.5,35.75
O-100142,2023-01-20,Technology,Accessories,IL,Consumer,5,28.79,0.44,80.94,9.54
O-100260,2023-01-20,Technology,Phones,OH,Corporate,2,29.59,0.09,53.63,8.02
O-100755,2023-01-21,Office Supplies,Binders,FL,Corporate,5,22.61,0.1,101.63,28.7
O-100714,2023-01-21,Office Supplies,Paper,IL,Corporate,4,18.63,0.11,66.56,7.68
O-101085,2023-01-21,Office Supplies,Paper,NC,Consumer,4,23.28,0.05,88.44,30.42
O-100813,2023-01-21,Office Supplies,Paper,IL,Home Office,1,33.72,0.16,28.5,4.95
O-100009,2023-01-22,Office Supplies,Storage,TX,Consumer,2,15.88,0.1,28.66,8.39
O-100066,2023-01-22,Furniture,Tables,PA,Corporate,4,35.69,0.36,91.46,9.4
O-101044,2023-01-23,Technology,Phones,FL,Home Office,1,19.69,0.07,18.38,4.16
O-101017,2023-01-23,Technology,Laptops,CA,Home Office,5,32.95,0.25,123.12,30.28
O-101130,2023-01-23,Furniture,Bookcases,NC,Home Office,2,26.07,0.02,50.85,19.01
O-100561,2023-01-23,Office Supplies,Binders,CA,Consumer,4,32.29,0.03,125.56,20.82
O-100135,2023-01-23,Furniture,Bookcases,NY,Corporate,4,36.06,0.26,106.34,22.78
O-100427,2023-01-24,Office Supplies,Paper,NY,Consumer,2,16.67,0.2,26.7,7.77
O-100734,2023-01-24,Office Supplies,Binders,TX,Consumer,4,28.13,0.06,106.17,28.16
O-100847,2023-01-25,Furniture,Chairs,IL,Consumer,4,49.55,0.07,184.17,20.58
O-100871,2023-01-25,Furniture,Chairs,TX,Corporate,1,13.63,0.31,9.4,2.13
O-101101,2023-01-25,Technology,Phones,WA,Corporate,3,26.52,0.03,77.34,27.16
O-100253,2023-01-25,Office Supplies,Storage,TX,Corporate,1,25.46,0.07,23.66,6.31
O-100353,2023-01-25,Office Supplies,Binders,PA,Consumer,4,24.58,0.48,51.2,9.44
O-100234,2023-01-26,Office Supplies,Storage,IL,Corporate,2,24.02,0.45,26.23,8.89
O-100258,2023-01-26,Office Supplies,Storage,WA,Consumer,5,24.51,0.3,85.68,28.61
O-101063,2023-01-26,Technology,Accessories,OH,Corporate,4,48.92,0.53,91.41,16.78
O-100416,2023-01-26,Furniture,Chairs,WA,Consumer,1,40.21,0.2,32.0,8.07
O-100309,2023-01-27,Office Supplies,Storage,FL,Corporate,1,40.43,0.17,33.74,12.97
O-100312,2023-01-27,Furniture,Tables,IL,Consumer,5,16.98,0.16,71.5,15.67
O-100370,2023-01-27,Technology,Accessories,CA,Home Office,4,33.47,0.19,108.06,11.7
O-101056,2023-01-27,Technology,Accessories,PA,Consumer,4,33.18,0.25,99.45,23.02
O-100669,2023-01-27,Office Supplies,Binders,FL,Consumer,4,48.83,0.11,173.83,68.27
O-100597,2023-01-27,Furniture,Bookcases,PA,Consumer,2,35.35,0.18,57.66,13.46
O-100684,2023-01-28,Technology,Laptops,WA,Consumer,4,30.77,0.44,68.47,18.55
O-101134,2023-01-28,Technology,Phones,GA,Corporate,2,32.53,0.27,47.7,5.11
O-100782,2023-01-28,Technology,Phones,PA,Consumer,1,34.97,0.11,31.26,10.12
O-100873,2023-01-28,Technology,Phones,WA,Consumer,5,26.19,0.3,91.26,22.33
O-101002,2023-01-28,Office Supplies,Binders,NC,Consumer,3,21.05,0.05,60.1,10.46
O-100086,2023-01-28,Furniture,Bookcases,OH,Corporate,5,11.21,0.02,55.15,12.18
O-100078,2023-01-29,Office Supplies,Storage,WA,Consumer,2,16.31,0.15,27.64,7.25
O-100679,2023-01-29,Technology,Accessories,PA,Consumer,4,39.02,0.06,147.27,34.97
O-100713,2023-01-29,Office Supplies,Paper,WA,Consumer,1,16.76,0.04,16.07,3.34
O-100622,2023-01-29,Furniture,Tables,OH,Home Office,3,17.93,0.04,51.59,18.66
O-100244,2023-01-29,Technology,Accessories,TX,Home Office,4,29.19,0.3,82.0,15.44
O-100605,2023-01-29,Technology,Phones,PA,Consumer,1,39.73,0.54,18.34,2.71
O-100446,2023-01-29,Furniture,Tables,WA,Consumer,2,26.63,0.16,44.65,13.9
O-100407,2023-01-29,Furniture,Bookcases,NY,Corporate,1,21.06,0.08,19.29,3.03
O-100892,2023-01-29,Technology,Laptops,FL,Consumer,1,86.91,0.13,75.18,23.79
O-100916,2023-01-29,Office Supplies,Paper,FL,Corporate,2,30.83,0.1,55.5,20.8
O-101024,2023-01-30,Furniture,Chairs,WA,Home Office,1,28.62,0.12,25.12,4.86
O-100117,2023-01-30,Technology,Phones,OH,Consumer,4,38.46,0.13,133.12,18.48
O-100278,2023-01-30,Office Supplies,Storage,NY,Corporate,3,37.34,0.22,87.29,22.1
O-100766,2023-01-30,Office Supplies,Paper,WA,Corporate,2,19.16,0.29,27.26,5.5
O-100374,2023-01-30,Furniture,Chairs,TX,Consumer,3,33.23,0.03,96.95,14.99
O-100848,2023-01-30,Office Supplies,Paper,WA,Consumer,5,31.61,0.2,126.7,20.15
O-100204,2023-01-31,Office Supplies,Paper,CA,Home Office,3,31.32,0.1,84.39,22.78
O-100163,2023-01-31,Technology,Accessories,OH,Consumer,4,25.41,0.38,62.85,22.68
O-100337,2023-01-31,Office Supplies,Binders,PA,Consumer,2,44.98,0.01,88.74,21.58
O-100922,2023-01-31,Furniture,Chairs,NY,Corporate,4,15.56,0.21,49.34,17.96
O-100537,2023-01-31,Office Supplies,Binders,NC,Consumer,2,22.75,0.19,36.76,8.04
O-101014,2023-01-31,Furniture,Chairs,PA,Consumer,2,36.1,0.25,54.08,21.13
O-100432,2023-02-01,Technology,Accessories,WA,Home Office,2,42.92,0.32,58.49,18.88
O-100295,2023-02-01,Technology,Phones,NC,Consumer,5,22.57,0.09,102.22,34.55
O-100285,2023-02-01,Office Supplies,Paper,GA,Consumer,3,24.46,0.11,65.02,8.71
O-101011,2023-02-01,Furniture,Chairs,WA,Corporate,1,20.3,0.15,17.21,4.27
O-100161,2023-02-01,Office Supplies,Storage,PA,Consumer,5,17.04,0.19,68.79,13.06
O-100721,2023-02-01,Office Supplies,Binders,TX,Consumer,2,18.76,0.11,33.32,3.78
O-100060,2023-02-01,Furniture,Tables,OH,Corporate,1,17.05,0.15,14.53,3.42
O-100205,2023-02-01,Technology,Accessories,PA,Corporate,5,44.88,0.02,219.28,38.71
O-100668,2023-02-01,Technology,Phones,OH,Consumer,1,31.15,0.1,27.89,2.94
O-100075,2023-02-01,Technology,Laptops,NY,Corporate,2,34.17,0.21,54.3,18.99
O-100389,2023-02-01,Furniture,Tables,IL,Corporate,1,27.21,0.23,20.83,8.14
O-100846,2023-02-01,Technology,Accessories,IL,Home Office,1,34.32,0.2,27.34,8.7
O-100795,2023-02-02,Office Supplies,Binders,PA,Consumer,1,27.0,0.14,23.31,5.5
O-100257,2023-02-02,Furniture,Bookcases,IL,Consumer,4,12.45,0.22,38.73,7.98
O-100781,2023-02-02,Furniture,Chairs,NY,Consumer,4,14.95,0.09,54.35,21.44
O-100703,2023-02-02,Office Supplies,Storage,PA,Corporate,3,33.33,0.12,88.12,15.48
O-101158,2023-02-02,Furniture,Bookcases,CA,Corporate,1,17.13,0.08,15.8,2.51
O-100767,2023-02-02,Furniture,Bookcases,TX,Consumer,5,21.87,0.23,84.2,31.11
O-100960,2023-02-02,Office Supplies,Binders,NC,Home Office,2,27.97,0.02,54.97,7.6
O-100663,2023-02-03,Furniture,Chairs,TX,Corporate,5,21.44,0.09,98.01,39.18
O-100733,2023-02-03,Office Supplies,Binders,WA,Consumer,5,24.93,0.24,94.95,13.64
O-100230,2023-02-03,Furniture,Bookcases,NC,Consumer,1,22.11,0.51,10.83,3.58
O-100022,2023-02-03,Office Supplies,Paper,PA,Consumer,3,26.78,0.11,71.16,21.11
O-100683,2023-02-03,Technology,Accessories,TX,Corporate,1,41.96,0.17,34.67,7.51
O-101141,2023-02-03,Office Supplies,Storage,GA,Consumer,2,21.45,0.15,36.28,11.05
O-100749,2023-02-03,Furniture,Bookcases,OH,Corporate,3,25.43,0.14,65.59,17.06
O-101008,2023-02-03,Office Supplies,Binders,FL,Consumer,5,23.71,0.22,92.49,35.92
O-100428,2023-02-04,Furniture,Bookcases,OH,Consumer,1,45.59,0.02,44.51,6.79
O-100823,2023-02-04,Office Supplies,Paper,OH,Corporate,1,23.12,0.11,20.65,7.4
O-100150,2023-02-04,Office Supplies,Binders,CA,Home Office,2,15.22,0.14,26.21,6.23
O-100372,2023-02-04,Furniture,Bookcases,CA,Corporate,2,20.24,0.5,20.15,5.64
O-100541,2023-02-04,Furniture,Chairs,CA,Consumer,3,24.51,0.06,69.04,22.39
O-100616,2023-02-04,Furniture,Tables,CA,Corporate,4,25.06,0.37,62.84,23.73
O-100371,2023-02-04,Office Supplies,Binders,FL,Consumer,2,25.39,0.02,49.6,17.51
O-100621,2023-02-04,Office Supplies,Storage,GA,Consumer,4,14.35,0.07,53.23,18.98
O-100655,2023-02-05,Technology,Accessories,OH,Consumer,4,18.99,0.08,69.84,11.45
O-100692,2023-02-05,Technology,Phones,NY,Corporate,2,29.87,0.23,46.14,13.15
O-100548,2023-02-05,Furniture,Bookcases,NC,Consumer,3,42.13,0.23,97.29,33.17
O-100119,2023-02-05,Furniture,Tables,FL,Consumer,2,42.47,0.11,75.28,9.88
O-100085,2023-02-05,Office Supplies,Paper,IL,Consumer,1,39.57,0.09,35.91,13.93
O-101065,2023-02-05,Office Supplies,Storage,IL,Consumer,1,15.88,0.13,13.82,3.61
O-100833,2023-02-05,Furniture,Bookcases,PA,Consumer,5,30.3,0.03,147.21,17.07
O-100895,2023-02-05,Office Supplies,Storage,CA,Consumer,3,31.92,0.12,84.35,15.55
O-100404,2023-02-05,Office Supplies,Binders,IL,Consumer,5,17.61,0.12,77.45,20.79
O-100169,2023-02-05,Furniture,Bookcases,PA,Corporate,1,17.11,0.04,16.36,2.58
O-101139,2023-02-05,Furniture,Chairs,TX,Consumer,1,30.81,0.3,21.68,6.24
O-100021,2023-02-05,Office Supplies,Paper,OH,Consumer,1,14.07,0.25,10.48,2.59
O-101175,2023-02-05,Office Supplies,Binders,CA,Consumer,2,19.68,0.07,36.63,10.9
O-101049,2023-02-06,Office Supplies,Paper,NY,Consumer,3,22.21,0.13,58.17,21.41
O-101184,2023-02-06,Technology,Laptops,PA,Consumer,5,33.13,0.16,139.82,43.95
O-101079,2023-02-06,Office Supplies,Paper,FL,Corporate,2,24.12,0.2,38.38,4.25
O-100955,2023-02-06,Office Supplies,Paper,OH,Corporate,3,34.4,0.03,99.91,26.2
O-100756,2023-02-06,Technology,Laptops,NY,Consumer,1,35.35,0.09,32.19,5.81
O-100649,2023-02-07,Office Supplies,Paper,GA,Consumer,2,31.62,0.23,48.98,16.4
O-100569,2023-02-07,Office Supplies,Binders,NY,Home Office,2,8.6,0.21,13.56,5.03
O-101041,2023-02-07,Technology,Phones,NY,Consumer,2,43.22,0.25,64.53,24.98
O-100860,2023-02-07,Technology,Accessories,IL,Consumer,1,42.69,0.37,27.1,5.59
O-101179,2023-02-07,Office Supplies,Binders,GA,Consumer,3,27.75,0.32,56.9,14.26
O-100123,2023-02-07,Office Supplies,Paper,GA,Consumer,2,13.68,0.24,20.76,3.44
O-100483,2023-02-08,Technology,Laptops,OH,Corporate,2,15.52,0.28,22.23,7.36
O-101057,2023-02-08,Furniture,Bookcases,NY,Home Office,1,19.26,0.13,16.82,5.62
O-100394,2023-02-08,Technology,Laptops,WA,Home Office,1,22.9,0.07,21.26,2.56
O-100677,2023-02-08,Technology,Accessories,NC,Consumer,2,36.82,0.11,65.41,6.82
O-100724,2023-02-08,Office Supplies,Paper,TX,Corporate,1,24.73,0.17,20.57,2.94
O-100615,2023-02-08,Technology,Accessories,GA,Consumer,1,27.66,0.13,24.06,5.12
O-100356,2023-02-08,Technology,Accessories,GA,Home Office,2,37.41,0.09,68.02,13.68
O-100935,2023-02-09,Technology,Phones,PA,Home Office,5,31.18,0.04,149.04,25.0
O-100019,2023-02-09,Technology,Laptops,CA,Home Office,5,49.51,0.17,205.34,21.47
O-100110,2023-02-09,Furniture,Tables,FL,Consumer,3,24.71,0.27,54.05,16.36
O-100455,2023-02-09,Office Supplies,Storage,OH,Home Office,1,29.58,0.17,24.69,9.65
O-100904,2023-02-09,Technology,Laptops,PA,Consumer,4,33.06,0.11,118.09,16.25
O-101181,2023-02-09,Office Supplies,Paper,GA,Consumer,3,33.84,0.31,69.76,24.6
O-100984,2023-02-09,Technology,Accessories,TX,Consumer,4,32.97,0.52,63.21,8.95
O-100983,2023-02-09,Furniture,Chairs,OH,Consumer,1,11.68,0.28,8.44,2.57
O-100287,2023-02-09,Furniture,Chairs,NY,Home Office,1,15.97,0.27,11.68,3.15
O-100292,2023-02-10,Office Supplies,Storage,GA,Consumer,1,23.41,0.04,22.47,7.88
O-100900,2023-02-10,Furniture,Tables,CA,Consumer,3,12.28,0.09,33.55,12.19
O-100539,2023-02-10,Office Supplies,Storage,OH,Home Office,5,38.38,0.03,187.07,41.8
O-100812,2023-02-10,Furniture,Bookcases,FL,Consumer,5,20.8,0.03,100.59,30.51
O-100709,2023-02-10,Office Supplies,Paper,IL,Home Office,4,20.43,0.05,77.53,26.1
O-100864,2023-02-10,Furniture,Bookcases,GA,Consumer,5,23.32,0.09,105.83,39.04
O-100159,2023-02-10,Technology,Laptops,GA,Consumer,3,56.11,0.05,159.47,22.34
O-100010,2023-02-10,Technology,Laptops,WA,Consumer,4,37.38,0.06,140.34,18.47
O-100269,2023-02-10,Technology,Accessories,PA,Corporate,5,20.13,0.15,85.42,26.33
O-100797,2023-02-10,Furniture,Tables,TX,Corporate,1,29.95,0.2,24.06,8.74
O-100639,2023-02-10,Technology,Laptops,PA,Corporate,5,28.5,0.2,113.64,27.13
O-101046,2023-02-10,Technology,Accessories,CA,Consumer,3,44.06,0.03,128.01,14.94
O-100422,2023-02-11,Office Supplies,Storage,TX,Corporate,3,13.89,0.12,36.84,8.72
O-100676,2023-02-11,Office Supplies,Binders,NY,Consumer,2,36.37,0.06,68.59,9.96
O-100433,2023-02-11,Office Supplies,Binders,TX,Home Office,4,44.05,0.07,163.65,35.31
O-100477,2023-02-11,Technology,Accessories,OH,Corporate,3,47.97,0.28,103.39,10.9
O-100348,2023-02-11,Furniture,Bookcases,FL,Consumer,2,20.95,0.15,35.77,6.42
O-100574,2023-02-11,Office Supplies,Binders,IL,Consumer,1,25.33,0.21,20.01,4.52
O-100098,2023-02-11,Technology,Accessories,IL,Corporate,3,59.58,0.14,153.42,57.89
O-100961,2023-02-11,Technology,Laptops,WA,Corporate,1,27.35,0.15,23.28,6.72
O-101189,2023-02-11,Office Supplies,Binders,OH,Consumer,1,36.03,0.01,35.49,13.01
O-100680,2023-02-11,Furniture,Bookcases,OH,Corporate,5,38.3,0.32,129.35,41.58
O-100164,2023-02-11,Office Supplies,Paper,IL,Consumer,1,21.52,0.06,20.24,2.58
O-100332,2023-02-11,Furniture,Chairs,PA,Corporate,5,19.12,0.09,87.33,13.33
O-100076,2023-02-11,Furniture,Bookcases,WA,Corporate,4,33.32,0.12,116.86,37.75
O-100369,2023-02-11,Technology,Laptops,WA,Consumer,3,20.84,0.1,56.13,14.88
O-101191,2023-02-11,Furniture,Tables,FL,Corporate,4,26.53,0.22,82.51,13.99
O-100363,2023-02-11,Technology,Accessories,NY,Consumer,5,21.87,0.04,104.89,24.28
O-100283,2023-02-12,Furniture,Tables,CA,Home Office,4,16.19,0.14,55.67,21.32
O-100931,2023-02-12,Technology,Laptops,IL,Consumer,4,41.89,0.05,159.27,43.74
O-100263,2023-02-12,Office Supplies,Storage,TX,Home Office,4,35.7,0.15,121.15,31.77
O-100796,2023-02-12,Technology,Accessories,OH,Consumer,2,23.96,0.18,39.53,15.3
O-100566,2023-02-12,Office Supplies,Paper,GA,Consumer,5,19.2,0.04,92.37,31.63
O-100867,2023-02-12,Office Supplies,Binders,OH,Consumer,2,14.46,0.06,27.09,5.89
O-100950,2023-02-13,Furniture,Bookcases,NY,Consumer,2,20.62,0.04,39.4,9.38
O-100080,2023-02-13,Technology,Accessories,GA,Home Office,1,36.81,0.09,33.38,6.76
O-100302,2023-02-13,Furniture,Tables,GA,Consumer,3,27.8,0.2,66.52,9.32
O-101183,2023-02-13,Office Supplies,Paper,FL,Consumer,4,21.67,0.23,66.62,17.47
O-101088,2023-02-13,Office Supplies,Paper,IL,Home Office,4,11.09,0.2,35.64,11.38
O-100977,2023-02-13,Office Supplies,Storage,PA,Consumer,4,25.16,0.44,56.75,9.52
O-100991,2023-02-13,Technology,Phones,IL,Home Office,2,24.69,0.24,37.74,4.47
O-100350,2023-02-13,Technology,Phones,GA,Home Office,1,51.75,0.08,47.72,14.3
O-100780,2023-02-14,Technology,Laptops,NY,Consumer,1,20.85,0.17,17.35,4.68
O-100464,2023-02-14,Office Supplies,Paper,WA,Home Office,4,21.03,0.22,65.35,16.02
O-100195,2023-02-14,Furniture,Tables,IL,Consumer,2,38.67,0.11,68.6,13.04
O-100228,2023-02-14,Technology,Laptops,OH,Consumer,5,56.38,0.05,267.06,75.8
O-101157,2023-02-14,Furniture,Chairs,IL,Consumer,2,17.64,0.06,33.0,9.27
O-100120,2023-02-14,Furniture,Bookcases,NY,Consumer,4,32.19,0.22,99.98,28.08
O-100842,2023-02-14,Office Supplies,Paper,PA,Consumer,1,20.49,0.17,17.0,3.91
O-100116,2023-02-15,Furniture,Bookcases,PA,Home Office,4,41.4,0.3,116.16,38.59
O-100661,2023-02-15,Furniture,Tables,PA,Consumer,5,25.35,0.18,103.52,40.34
O-100109,2023-02-15,Technology,Accessories,WA,Consumer,2,31.85,0.29,45.03,10.62
O-100811,2023-02-15,Furniture,Chairs,WA,Consumer,2,32.57,0.2,51.83,16.62
O-100036,2023-02-15,Office Supplies,Binders,CA,Corporate,2,40.88,0.19,66.44,21.42
O-100835,2023-02-15,Technology,Accessories,OH,Home Office,5,34.05,0.11,151.17,50.27
O-100300,2023-02-15,Furniture,Chairs,NY,Consumer,5,24.13,0.01,119.43,23.25
O-100342,2023-02-15,Furniture,Tables,GA,Home Office,1,20.19,0.06,19.05,3.67
O-100291,2023-02-15,Office Supplies,Paper,PA,Corporate,1,13.93,0.11,12.35,2.6
O-100213,2023-02-15,Technology,Phones,NY,Consumer,3,47.9,0.09,131.1,24.45
O-100696,2023-02-15,Technology,Laptops,OH,Consumer,1,37.11,0.44,20.64,7.04
O-100178,2023-02-15,Furniture,Bookcases,PA,Home Office,3,23.44,0.08,64.84,13.52
O-100223,2023-02-16,Office Supplies,Paper,IL,Corporate,5,21.21,0.28,75.89,13.37
O-100144,2023-02-16,Furniture,Bookcases,IL,Consumer,1,31.68,0.15,26.86,8.7
O-101152,2023-02-16,Technology,Accessories,WA,Home Office,3,29.09,0.23,66.86,22.57
O-100502,2023-02-16,Technology,Phones,OH,Home Office,5,33.13,0.28,118.63,28.76
O-101067,2023-02-16,Furniture,Chairs,PA,Home Office,3,32.21,0.26,71.95,19.63
O-100050,2023-02-16,Technology,Phones,CA,Consumer,5,41.61,0.14,178.47,38.96
O-100267,2023-02-16,Technology,Laptops,CA,Consumer,1,27.57,0.18,22.55,7.75
O-100704,2023-02-16,Furniture,Bookcases,WA,Consumer,3,24.52,0.11,65.19,10.49
O-101159,2023-02-16,Furniture,Chairs,CA,Consumer,2,32.92,0.21,52.2,9.36
O-100856,2023-02-16,Office Supplies,Paper,NC,Consumer,4,19.67,0.06,73.58,12.61
O-101064,2023-02-16,Furniture,Bookcases,OH,Home Office,2,38.99,0.11,69.41,9.36
O-100912,2023-02-16,Office Supplies,Storage,NY,Corporate,3,19.78,0.12,52.16,13.83
O-100899,2023-02-16,Technology,Phones,FL,Consumer,4,45.22,0.2,145.05,26.62
O-100190,2023-02-16,Furniture,Tables,FL,Home Office,1,15.35,0.21,12.15,1.92
O-101128,2023-02-16,Office Supplies,Storage,CA,Home Office,3,32.3,0.2,77.53,9.23
O-100390,2023-02-17,Technology,Accessories,TX,Consumer,4,15.09,0.29,42.63,9.1
O-101135,2023-02-17,Office Supplies,Binders,NC,Home Office,1,23.93,0.39,14.65,4.38
O-100132,2023-02-17,Office Supplies,Storage,IL,Consumer,5,16.91,0.13,73.26,17.24
O-100478,2023-02-17,Technology,Phones,GA,Consumer,5,50.33,0.18,207.55,50.88
O-100711,2023-02-17,Office Supplies,Binders,FL,Consumer,2,24.82,0.12,43.75,13.43
O-100840,2023-02-17,Office Supplies,Binders,IL,Corporate,5,21.64,0.12,95.16,22.03
O-100420,2023-02-17,Technology,Laptops,NY,Consumer,2,24.2,0.16,40.85,15.65
O-101083,2023-02-17,Technology,Phones,CA,Consumer,5,34.61,0.1,155.08,27.67
O-100082,2023-02-17,Office Supplies,Paper,OH,Home Office,4,18.04,0.26,53.06,13.41
O-100732,2023-02-17,Furniture,Tables,CA,Consumer,3,44.44,0.09,120.89,17.46
O-101114,2023-02-17,Office Supplies,Storage,IL,Consumer,5,13.68,0.25,51.45,19.5
O-100221,2023-02-17,Technology,Laptops,WA,Consumer,2,95.78,0.06,180.09,69.0
O-100359,2023-02-17,Office Supplies,Binders,NY,Corporate,3,24.49,0.09,66.54,18.01
O-101016,2023-02-18,Furniture,Bookcases,NY,Corporate,2,25.58,0.21,40.63,9.23
O-100743,2023-02-18,Furniture,Tables,OH,Consumer,5,13.66,0.25,51.45,15.34
O-101020,2023-02-18,Technology,Laptops,FL,Corporate,5,63.12,0.05,298.64,45.76
O-101007,2023-02-18,Office Supplies,Paper,NY,Home Office,3,26.05,0.14,66.9,24.58
O-100722,2023-02-18,Furniture,Bookcases,WA,Home Office,4,17.73,0.13,61.42,18.56
O-100920,2023-02-18,Office Supplies,Paper,WA,Home Office,4,18.28,0.01,72.13,11.16
O-100674,2023-02-18,Technology,Phones,GA,Home Office,3,31.36,0.24,71.62,21.24
O-100103,2023-02-18,Office Supplies,Paper,WA,Consumer,4,27.59,0.6,44.29,8.99
O-101127,2023-02-18,Office Supplies,Paper,FL,Home Office,1,17.28,0.19,14.03,1.54
O-100284,2023-02-18,Furniture,Bookcases,CA,Consumer,5,32.82,0.09,148.72,51.73
O-100898,2023-02-18,Furniture,Chairs,FL,Home Office,3,29.47,0.05,84.41,13.15
O-100802,2023-02-18,Furniture,Chairs,CA,Corporate,4,18.49,0.07,68.95,19.6
O-100430,2023-02-18,Office Supplies,Paper,NY,Consumer,2,42.53,0.04,81.76,27.54
O-100690,2023-02-19,Furniture,Tables,NY,Consumer,1,24.32,0.16,20.38,7.38
O-100056,2023-02-19,Technology,Accessories,FL,Consumer,3,34.33,0.24,78.47,29.14
O-101032,2023-02-19,Furniture,Bookcases,PA,Home Office,2,12.56,0.44,13.96,3.53
O-100272,2023-02-19,Technology,Accessories,PA,Consumer,4,36.3,0.11,128.93,41.77
O-100095,2023-02-19,Office Supplies,Paper,WA,Consumer,2,21.73,0.09,39.72,12.33
O-100206,2023-02-19,Office Supplies,Paper,OH,Consumer,2,17.11,0.28,24.47,8.96
O-100155,2023-02-19,Furniture,Chairs,TX,Corporate,1,36.12,0.2,29.06,11.14
O-100693,2023-02-19,Office Supplies,Binders,NC,Consumer,4,25.74,0.24,78.67,19.59
O-101010,2023-02-19,Technology,Accessories,WA,Consumer,3,58.96,0.07,164.59,31.13
O-101023,2023-02-19,Office Supplies,Binders,PA,Corporate,3,17.34,0.11,46.26,14.6
O-100532,2023-02-19,Office Supplies,Binders,FL,Home Office,4,23.56,0.32,64.38,20.79
O-100138,2023-02-19,Office Supplies,Binders,TX,Corporate,1,23.04,0.13,19.93,7.53
O-100440,2023-02-19,Technology,Laptops,WA,Consumer,1,41.01,0.29,28.94,6.33
O-101150,2023-02-19,Office Supplies,Storage,WA,Consumer,1,34.09,0.24,26.02,4.27
O-100545,2023-02-19,Office Supplies,Paper,IL,Consumer,5,19.76,0.19,79.61,19.3
O-100092,2023-02-20,Office Supplies,Binders,OH,Home Office,4,34.71,0.3,97.1,31.24
O-100307,2023-02-20,Office Supplies,Paper,NY,Consumer,3,30.64,0.4,54.7,14.54
O-100573,2023-02-20,Office Supplies,Binders,OH,Home Office,5,20.75,0.12,91.11,14.06
O-100032,2023-02-20,Office Supplies,Binders,OH,Corporate,3,14.77,0.11,39.59,8.13
O-100962,2023-02-20,Technology,Accessories,FL,Corporate,1,27.26,0.05,25.85,9.4
O-100691,2023-02-20,Office Supplies,Binders,NC,Corporate,1,20.53,0.01,20.29,7.47
O-100792,2023-02-20,Furniture,Chairs,NY,Consumer,5,36.25,0.24,137.58,32.6
O-100783,2023-02-20,Technology,Accessories,GA,Consumer,5,63.81,0.3,224.33,47.37
O-100559,2023-02-20,Technology,Laptops,WA,Consumer,3,70.39,0.14,181.87,22.73
O-100556,2023-02-20,Technology,Phones,NY,Consumer,3,25.28,0.04,73.01,12.05
O-100173,2023-02-21,Technology,Accessories,TX,Consumer,1,44.07,0.5,21.96,4.53
O-100588,2023-02-21,Furniture,Tables,NY,Corporate,3,16.06,0.06,45.48,18.14
O-100640,2023-02-21,Technology,Phones,FL,Consumer,4,32.22,0.16,107.95,21.84
O-100825,2023-02-21,Technology,Phones,NY,Consumer,3,54.14,0.08,150.04,29.36
O-100581,2023-02-21,Furniture,Chairs,GA,Corporate,2,27.07,0.33,36.32,10.12
O-100286,2023-02-21,Office Supplies,Binders,GA,Home Office,2,21.97,0.1,39.41,9.78
O-100043,2023-02-21,Furniture,Bookcases,IL,Corporate,1,41.29,0.12,36.18,9.63
O-100911,2023-02-21,Furniture,Chairs,OH,Consumer,4,9.46,0.08,34.74,10.01
O-100662,2023-02-21,Technology,Phones,GA,Corporate,1,46.15,0.19,37.25,4.18
O-100149,2023-02-21,Furniture,Bookcases,GA,Home Office,4,27.87,0.18,91.15,29.23
O-100927,2023-02-21,Technology,Phones,WA,Home Office,5,32.58,0.15,138.89,44.05
O-100313,2023-02-21,Technology,Accessories,WA,Consumer,5,27.6,0.16,115.49,24.11
O-100487,2023-02-21,Furniture,Tables,WA,Home Office,1,16.69,0.09,15.25,2.83
O-100141,2023-02-21,Office Supplies,Storage,NC,Consumer,5,25.22,0.03,122.01,44.59
O-100489,2023-02-21,Furniture,Bookcases,TX,Consumer,2,23.29,0.11,41.67,9.65
O-100806,2023-02-21,Furniture,Bookcases,CA,Corporate,5,10.85,0.2,43.61,13.53
O-101116,2023-02-21,Office Supplies,Paper,OH,Consumer,4,32.07,0.03,125.03,14.34
O-100297,2023-02-21,Office Supplies,Paper,WA,Corporate,2,26.79,0.23,41.26,15.51
O-100431,2023-02-22,Furniture,Bookcases,NY,Consumer,5,25.47,0.14,109.52,38.28
O-100016,2023-02-22,Technology,Phones,NY,Consumer,3,32.76,0.08,90.45,18.42
O-100322,2023-02-22,Furniture,Tables,CA,Consumer,1,16.38,0.23,12.67,3.63
O-101084,2023-02-22,Furniture,Bookcases,TX,Consumer,4,15.02,0.28,43.19,10.49
O-100878,2023-02-22,Office Supplies,Paper,CA,Corporate,4,15.22,0.01,60.04,17.11
O-100174,2023-02-22,Technology,Accessories,IL,Consumer,3,37.2,0.23,85.69,13.84
O-100761,2023-02-22,Technology,Accessories,TX,Consumer,5,32.96,0.06,155.29,25.68
O-101103,2023-02-22,Office Supplies,Paper,NC,Corporate,5,25.86,0.13,111.85,26.39
O-101066,2023-02-22,Office Supplies,Binders,FL,Consumer,2,27.21,0.25,41.01,13.78
O-100788,2023-02-22,Office Supplies,Binders,OH,Corporate,1,26.04,0.24,19.84,2.76
O-100497,2023-02-22,Furniture,Bookcases,NY,Consumer,5,23.94,0.23,92.35,28.67
O-100839,2023-02-22,Office Supplies,Binders,WA,Consumer,2,22.11,0.25,33.35,9.3
O-100750,2023-02-22,Technology,Laptops,FL,Consumer,2,38.48,0.12,68.06,12.79
O-100708,2023-02-23,Furniture,Chairs,IL,Home Office,2,41.01,0.19,66.6,24.84
O-100077,2023-02-23,Office Supplies,Paper,FL,Consumer,4,18.79,0.14,64.35,24.14
O-100771,2023-02-23,Office Supplies,Storage,GA,Consumer,4,36.94,0.15,125.8,40.34
O-100179,2023-02-23,Office Supplies,Storage,TX,Consumer,4,29.27,0.15,99.52,30.62
O-100817,2023-02-23,Office Supplies,Paper,TX,Consumer,3,27.95,0.2,67.17,17.26
O-100316,2023-02-23,Technology,Laptops,PA,Consumer,3,36.44,0.31,75.62,23.91
O-100492,2023-02-23,Office Supplies,Binders,FL,Consumer,1,19.42,0.08,17.9,3.64
O-100199,2023-02-23,Office Supplies,Paper,TX,Consumer,3,21.8,0.09,59.71,17.74
O-100533,2023-02-23,Office Supplies,Storage,NC,Corporate,4,33.23,0.11,118.1,33.5
O-100591,2023-02-23,Technology,Accessories,PA,Consumer,3,27.34,0.16,68.91,18.3
O-100277,2023-02-23,Furniture,Tables,OH,Consumer,4,28.37,0.13,98.69,10.3
O-100444,2023-02-23,Office Supplies,Paper,NC,Consumer,1,10.6,0.11,9.4,1.1
O-100702,2023-02-23,Office Supplies,Paper,PA,Home Office,3,24.19,0.11,64.48,15.66
O-100576,2023-02-23,Office Supplies,Storage,CA,Corporate,1,30.95,0.13,26.88,4.66
O-100303,2023-02-23,Office Supplies,Binders,FL,Consumer,5,25.54,0.21,100.47,21.62
O-100437,2023-02-23,Technology,Laptops,OH,Corporate,2,14.89,0.04,28.48,3.18
O-100276,2023-02-24,Technology,Accessories,IL,Consumer,5,30.86,0.17,128.34,27.13
O-100508,2023-02-24,Office Supplies,Paper,GA,Home Office,2,21.74,0.15,37.14,9.99
O-100488,2023-02-24,Furniture,Bookcases,GA,Consumer,2,39.91,0.52,37.99,12.76
O-100850,2023-02-24,Technology,Phones,IL,Corporate,1,30.3,0.09,27.69,9.55
O-100493,2023-02-24,Furniture,Tables,OH,Home Office,4,14.85,0.27,43.42,12.5
O-100773,2023-02-24,Technology,Laptops,PA,Consumer,2,46.51,0.12,82.07,18.36
O-100875,2023-02-24,Technology,Laptops,FL,Home Office,1,34.07,0.06,32.18,12.46
O-100893,2023-02-24,Furniture,Chairs,OH,Corporate,5,16.25,0.32,54.86,17.45
O-100971,2023-02-24,Office Supplies,Binders,IL,Consumer,2,24.59,0.1,44.05,10.9
O-100014,2023-02-24,Office Supplies,Binders,NY,Consumer,4,30.1,0.25,90.22,15.43
O-100225,2023-02-24,Office Supplies,Storage,FL,Corporate,1,19.66,0.28,14.16,3.75
O-101174,2023-02-24,Office Supplies,Binders,GA,Corporate,2,22.3,0.19,36.18,4.52
O-100266,2023-02-24,Technology,Accessories,IL,Corporate,3,28.3,0.03,82.55,32.4
O-100411,2023-02-24,Technology,Phones,NC,Corporate,1,35.28,0.25,26.61,7.94
O-100419,2023-02-24,Furniture,Chairs,IL,Corporate,2,29.4,0.22,46.02,11.75
O-100384,2023-02-24,Office Supplies,Binders,WA,Home Office,4,30.26,0.1,108.49,20.68
O-100460,2023-02-25,Office Supplies,Paper,CA,Home Office,4,31.18,0.16,105.0,15.53
O-100051,2023-02-25,Furniture,Chairs,GA,Consumer,2,17.18,0.11,30.5,5.1
O-100395,2023-02-25,Office Supplies,Paper,TX,Consumer,3,25.19,0.41,44.88,7.15
O-100362,2023-02-25,Technology,Accessories,PA,Home Office,5,31.08,0.11,137.98,44.39
O-100405,2023-02-25,Office Supplies,Paper,PA,Consumer,4,29.09,0.09,105.81,39.12
O-100505,2023-02-25,Technology,Laptops,CA,Consumer,4,22.66,0.28,65.26,14.09
O-100346,2023-02-25,Office Supplies,Storage,OH,Corporate,1,15.12,0.17,12.59,3.98
O-100471,2023-02-25,Office Supplies,Paper,IL,Corporate,3,20.45,0.12,53.97,17.13
O-100201,2023-02-25,Furniture,Chairs,CA,Consumer,4,14.99,0.14,51.58,5.69
O-101149,2023-02-25,Furniture,Tables,NC,Consumer,2,28.74,0.33,38.53,8.24
O-100344,2023-02-26,Office Supplies,Paper,TX,Consumer,4,14.64,0.23,45.34,18.0
O-100598,2023-02-26,Technology,Phones,PA,Corporate,3,23.35,0.06,65.73,6.79
O-100589,2023-02-26,Office Supplies,Storage,IL,Corporate,3,32.13,0.19,78.3,11.99
O-100233,2023-02-26,Office Supplies,Storage,PA,Consumer,2,40.62,0.27,59.13,15.22
O-100202,2023-02-26,Furniture,Bookcases,WA,Corporate,5,42.13,0.52,101.59,30.31
O-100872,2023-02-26,Office Supplies,Storage,WA,Consumer,3,22.33,0.17,55.28,16.03
O-100038,2023-02-26,Technology,Accessories,TX,Consumer,5,40.13,0.12,175.71,38.93
O-101145,2023-02-26,Technology,Phones,FL,Corporate,4,50.06,0.19,162.34,64.39
O-100148,2023-02-26,Furniture,Chairs,IL,Consumer,5,50.22,0.1,226.05,64.59
O-100298,2023-02-26,Office Supplies,Storage,PA,Consumer,3,16.47,0.17,40.91,5.93
O-100006,2023-02-26,Office Supplies,Storage,IL,Consumer,4,27.26,0.22,85.16,17.22
O-101091,2023-02-26,Office Supplies,Paper,GA,Corporate,1,30.11,0.02,29.45,5.81
O-100786,2023-02-26,Furniture,Chairs,FL,Home Office,5,39.08,0.11,174.35,28.64
O-100136,2023-02-26,Furniture,Chairs,IL,Consumer,5,35.84,0.07,165.79,40.28
O-101027,2023-02-26,Furniture,Chairs,TX,Consumer,5,8.93,0.07,41.42,12.73
O-100779,2023-02-27,Furniture,Bookcases,NY,Corporate,4,22.08,0.15,75.0,20.35
O-100461,2023-02-27,Office Supplies,Storage,IL,Corporate,1,27.9,0.21,22.17,4.67
O-100974,2023-02-27,Furniture,Tables,CA,Consumer,3,22.58,0.13,59.13,21.85
O-100843,2023-02-27,Office Supplies,Binders,NC,Corporate,3,21.29,0.05,60.84,10.78
O-100562,2023-02-27,Technology,Accessories,PA,Consumer,2,44.02,0.05,83.53,32.92
O-100240,2023-02-27,Technology,Accessories,OH,Corporate,1,45.22,0.37,28.62,10.81
O-100560,2023-02-27,Office Supplies,Storage,OH,Home Office,5,31.74,0.01,156.53,42.47
O-100028,2023-02-27,Office Supplies,Binders,WA,Consumer,3,21.07,0.09,57.21,21.65
O-100341,2023-02-27,Technology,Laptops,IL,Consumer,3,24.89,0.32,50.5,19.45
O-100473,2023-02-27,Office Supplies,Paper,NY,Consumer,1,17.94,0.16,15.07,2.95
O-101176,2023-02-27,Technology,Laptops,NC,Consumer,3,31.79,0.05,90.44,17.29
O-100529,2023-02-27,Furniture,Chairs,NC,Consumer,3,34.87,0.29,74.49,26.29
O-100326,2023-02-28,Office Supplies,Paper,TX,Home Office,4,22.19,0.04,85.2,29.1
O-101058,2023-02-28,Furniture,Chairs,WA,Consumer,2,25.85,0.24,39.17,15.02
O-101009,2023-02-28,Furniture,Bookcases,IL,Consumer,1,16.55,0.05,15.75,4.27
O-100475,2023-02-28,Office Supplies,Paper,FL,Home Office,5,16.5,0.16,69.02,6.94
O-100623,2023-02-28,Technology,Phones,IL,Consumer,2,61.41,0.3,86.21,33.9
O-100061,2023-02-28,Office Supplies,Storage,IL,Corporate,5,24.02,0.07,111.31,37.22
O-101151,2023-02-28,Technology,Phones,GA,Home Office,1,46.34,0.02,45.28,4.64
O-100328,2023-02-28,Technology,Accessories,WA,Home Office,2,37.54,0.09,68.11,20.88
O-100368,2023-02-28,Technology,Phones,CA,Home Office,2,34.41,0.22,53.78,7.74
O-100930,2023-02-28,Office Supplies,Paper,PA,Consumer,4,16.85,0.2,54.19,15.05
O-100498,2023-03-01,Office Supplies,Binders,TX,Consumer,3,21.31,0.26,47.01,11.42
O-100167,2023-03-01,Furniture,Chairs,TX,Consumer,1,18.34,0.08,16.89,4.59
O-101096,2023-03-01,Office Supplies,Binders,WA,Consumer,4,17.87,0.13,62.49,10.34
O-100398,2023-03-01,Office Supplies,Storage,IL,Consumer,1,10.88,0.14,9.38,3.63
O-100520,2023-03-01,Office Supplies,Storage,OH,Consumer,4,17.79,0.12,62.7,8.0
O-100031,2023-03-01,Office Supplies,Binders,OH,Corporate,1,16.65,0.03,16.11,5.05
O-100845,2023-03-01,Technology,Laptops,FL,Consumer,1,31.1,0.12,27.22,4.05
O-100949,2023-03-01,Office Supplies,Storage,CA,Consumer,4,27.34,0.16,92.07,28.88
O-101113,2023-03-01,Office Supplies,Binders,NY,Corporate,2,30.61,0.03,59.21,18.29
O-100940,2023-03-02,Technology,Accessories,NY,Consumer,5,27.55,0.08,127.32,26.38
O-100810,2023-03-02,Office Supplies,Binders,PA,Consumer,2,24.44,0.32,33.18,6.78
O-100614,2023-03-02,Office Supplies,Binders,CA,Consumer,5,29.53,0.07,136.67,32.3
O-100793,2023-03-02,Technology,Laptops,IL,Consumer,1,84.18,0.16,70.66,24.57
O-101072,2023-03-02,Office Supplies,Binders,WA,Consumer,1,40.78,0.06,38.34,12.84
O-100624,2023-03-02,Furniture,Bookcases,OH,Home Office,5,23.24,0.2,93.36,13.25
O-100625,2023-03-02,Office Supplies,Binders,OH,Corporate,4,18.83,0.17,62.81,13.91
O-101098,2023-03-02,Furniture,Bookcases,IL,Corporate,2,24.95,0.02,49.04,8.24
O-100399,2023-03-02,Office Supplies,Paper,CA,Corporate,1,19.94,0.06,18.73,3.42
O-100903,2023-03-02,Office Supplies,Binders,PA,Home Office,5,14.65,0.17,60.48,20.81
O-100929,2023-03-03,Office Supplies,Binders,GA,Consumer,1,20.45,0.06,19.22,4.53
O-100626,2023-03-03,Technology,Accessories,FL,Consumer,3,60.45,0.16,152.8,48.49
O-100760,2023-03-03,Office Supplies,Binders,PA,Corporate,2,30.86,0.31,42.31,4.41
O-101186,2023-03-03,Furniture,Chairs,OH,Consumer,4,14.34,0.07,53.31,11.32
O-100057,2023-03-03,Furniture,Chairs,FL,Corporate,2,35.45,0.15,60.13,10.37
O-100803,2023-03-03,Technology,Laptops,WA,Corporate,3,27.19,0.03,79.5,12.93
O-100725,2023-03-03,Office Supplies,Storage,FL,Consumer,5,42.54,0.04,203.93,80.44
O-100667,2023-03-03,Office Supplies,Storage,PA,Consumer,1,41.35,0.12,36.3,5.3
O-101154,2023-03-03,Office Supplies,Paper,IL,Consumer,2,19.47,0.07,36.29,11.3
O-100330,2023-03-03,Furniture,Chairs,TX,Home Office,5,36.57,0.02,179.16,33.62
O-101076,2023-03-03,Office Supplies,Storage,NY,Consumer,4,16.79,0.22,52.27,10.81
O-100083,2023-03-03,Office Supplies,Binders,IL,Home Office,1,26.59,0.07,24.74,7.39
O-101015,2023-03-04,Furniture,Bookcases,FL,Consumer,3,18.14,0.24,41.24,7.21
O-100982,2023-03-04,Furniture,Bookcases,IL,Corporate,3,16.24,0.11,43.51,4.77
O-100656,2023-03-04,Technology,Laptops,CA,Consumer,4,45.18,0.3,125.61,45.12
O-100027,2023-03-04,Office Supplies,Storage,NY,Home Office,3,15.32,0.3,32.18,3.85
O-100402,2023-03-04,Office Supplies,Binders,GA,Corporate,2,16.21,0.16,27.13,10.47
O-100211,2023-03-04,Office Supplies,Storage,NY,Consumer,5,21.47,0.36,69.16,26.8
O-100047,2023-03-04,Office Supplies,Paper,WA,Consumer,4,21.2,0.12,74.96,28.11
O-100694,2023-03-04,Office Supplies,Storage,NY,Consumer,5,31.85,0.08,146.45,43.36
O-100462,2023-03-04,Technology,Phones,OH,Consumer,4,36.39,0.16,122.48,33.23
O-101059,2023-03-04,Furniture,Chairs,PA,Home Office,3,36.99,0.1,99.45,14.15
O-100762,2023-03-04,Technology,Accessories,CA,Consumer,5,56.81,0.22,220.43,66.41
O-100915,2023-03-04,Technology,Phones,NY,Home Office,3,41.64,0.2,100.44,11.3
O-101129,2023-03-04,Office Supplies,Paper,IL,Corporate,3,13.48,0.04,38.82,8.28
O-100017,2023-03-04,Furniture,Chairs,TX,Corporate,4,20.56,0.12,72.76,7.86
O-100729,2023-03-04,Office Supplies,Binders,NC,Consumer,5,24.78,0.19,99.91,34.08
O-100037,2023-03-04,Office Supplies,Paper,OH,Home Office,4,42.47,0.33,114.6,15.67
O-100254,2023-03-05,Furniture,Bookcases,NY,Home Office,4,33.99,0.23,105.02,13.18
O-101073,2023-03-05,Technology,Laptops,NC,Corporate,4,50.58,0.23,155.01,52.58
O-100476,2023-03-05,Technology,Accessories,OH,Corporate,1,31.96,0.04,30.69,9.71
O-100675,2023-03-05,Office Supplies,Binders,NC,Corporate,3,23.37,0.03,67.69,17.55
O-100575,2023-03-05,Technology,Accessories,PA,Consumer,2,40.77,0.15,69.39,25.53
O-100385,2023-03-05,Office Supplies,Binders,OH,Consumer,4,19.76,0.1,71.37,15.85
O-100373,2023-03-05,Technology,Laptops,TX,Corporate,5,27.55,0.16,116.0,11.66
O-100378,2023-03-05,Furniture,Tables,GA,Home Office,5,15.57,0.07,72.49,7.42
O-100596,2023-03-05,Office Supplies,Paper,IL,Home Office,5,20.78,0.17,86.7,14.1
O-100958,2023-03-05,Office Supplies,Binders,WA,Corporate,1,16.63,0.32,11.28,3.14
O-100887,2023-03-05,Furniture,Tables,NC,Corporate,3,27.17,0.05,77.38,17.68
O-100347,2023-03-05,Office Supplies,Paper,GA,Consumer,1,28.15,0.17,23.45,2.48
O-100815,2023-03-05,Furniture,Bookcases,TX,Corporate,2,28.29,0.1,50.81,18.38
O-100866,2023-03-06,Office Supplies,Storage,NY,Home Office,3,26.25,0.09,71.62,17.98
O-100102,2023-03-06,Office Supplies,Binders,TX,Home Office,5,21.87,0.09,99.39,15.2
O-101190,2023-03-06,Furniture,Tables,IL,Consumer,4,36.11,0.13,125.34,14.57
O-100884,2023-03-06,Office Supplies,Paper,PA,Corporate,4,30.56,0.16,103.24,20.24
O-100804,2023-03-06,Office Supplies,Binders,OH,Corporate,1,20.1,0.13,17.59,3.26
O-100397,2023-03-06,Office Supplies,Binders,OH,Consumer,1,23.08,0.2,18.51,7.22
O-100546,2023-03-06,Office Supplies,Paper,NC,Home Office,5,23.04,0.21,90.92,19.36
O-101052,2023-03-06,Furniture,Chairs,NC,Corporate,5,54.78,0.2,219.03,65.37
O-100301,2023-03-06,Office Supplies,Binders,IL,Consumer,3,17.01,0.26,37.72,9.22
O-100002,2023-03-06,Technology,Laptops,GA,Corporate,4,44.17,0.22,138.32,49.49
O-100133,2023-03-06,Office Supplies,Paper,WA,Consumer,1,21.06,0.01,20.86,7.93
O-100572,2023-03-06,Office Supplies,Binders,NC,Corporate,5,33.37,0.28,119.84,33.85
O-100003,2023-03-06,Office Supplies,Binders,NY,Consumer,5,19.77,0.24,75.05,11.79
O-100275,2023-03-07,Office Supplies,Paper,TX,Consumer,3,15.75,0.1,42.32,11.56
O-100112,2023-03-07,Furniture,Chairs,NC,Consumer,3,21.81,0.1,58.93,9.85
O-100183,2023-03-07,Furniture,Chairs,IL,Consumer,3,23.02,0.22,54.22,8.92
O-100883,2023-03-07,Office Supplies,Storage,GA,Consumer,1,34.74,0.27,25.32,8.99
O-100758,2023-03-07,Office Supplies,Paper,FL,Home Office,4,35.0,0.11,124.73,21.97
O-100207,2023-03-07,Office Supplies,Paper,OH,Consumer,4,22.43,0.17,74.14,13.92
O-100768,2023-03-07,Office Supplies,Storage,OH,Corporate,3,14.17,0.07,39.41,10.31
O-100013,2023-03-07,Technology,Accessories,OH,Home Office,1,39.44,0.13,34.5,7.8
O-100834,2023-03-07,Furniture,Chairs,CA,Consumer,2,23.09,0.2,37.12,8.96
O-100482,2023-03-07,Office Supplies,Paper,CA,Corporate,3,25.96,0.09,70.53,21.85
O-100570,2023-03-07,Technology,Phones,TX,Consumer,4,70.53,0.33,188.04,56.0
O-100814,2023-03-07,Office Supplies,Paper,TX,Home Office,2,48.4,0.24,73.26,15.37
O-100681,2023-03-07,Office Supplies,Paper,PA,Home Office,3,29.07,0.19,70.9,20.6
O-100320,2023-03-07,Technology,Accessories,CA,Consumer,4,51.42,0.18,169.45,49.95
O-100048,2023-03-07,Furniture,Bookcases,OH,Home Office,2,45.18,0.09,82.4,17.94
O-100501,2023-03-08,Office Supplies,Binders,FL,Home Office,5,32.56,0.15,137.62,26.62
O-101004,2023-03-08,Office Supplies,Paper,TX,Corporate,3,19.29,0.12,50.85,18.21
O-101137,2023-03-08,Technology,Laptops,IL,Corporate,4,34.52,0.23,106.35,29.73
O-100909,2023-03-08,Office Supplies,Storage,OH,Corporate,1,23.63,0.12,20.87,6.86
O-100742,2023-03-08,Furniture,Chairs,FL,Consumer,3,18.83,0.06,52.94,5.78
O-100039,2023-03-08,Office Supplies,Storage,OH,Home Office,3,12.94,0.13,33.79,3.5
O-100418,2023-03-08,Office Supplies,Paper,FL,Consumer,3,34.41,0.09,94.18,27.43
O-100658,2023-03-08,Technology,Accessories,IL,Corporate,1,57.71,0.2,45.94,6.87
O-101109,2023-03-08,Furniture,Chairs,NY,Corporate,5,24.07,0.09,109.49,26.07
O-100751,2023-03-08,Office Supplies,Paper,GA,Consumer,2,37.55,0.2,59.83,19.36
O-100293,2023-03-08,Office Supplies,Paper,CA,Corporate,2,22.13,0.08,40.78,7.57
O-100861,2023-03-08,Technology,Laptops,IL,Consumer,3,45.36,0.1,122.76,41.38
O-100070,2023-03-08,Furniture,Bookcases,TX,Corporate,4,15.37,0.17,51.3,19.59
O-100517,2023-03-09,Office Supplies,Storage,TX,Consumer,4,24.54,0.22,76.3,8.63
O-100197,2023-03-09,Furniture,Tables,TX,Home Office,3,20.13,0.16,50.58,11.71
O-101126,2023-03-09,Office Supplies,Binders,NC,Corporate,5,26.38,0.1,118.67,22.1
O-101110,2023-03-09,Furniture,Bookcases,FL,Consumer,4,42.16,0.24,128.59,50.79
O-100701,2023-03-09,Furniture,Tables,CA,Corporate,3,23.08,0.31,48.06,11.94
O-100324,2023-03-09,Furniture,Tables,NC,Consumer,3,24.61,0.15,62.59,12.58
O-100209,2023-03-09,Office Supplies,Binders,FL,Consumer,3,19.65,0.39,36.09,13.14
O-100170,2023-03-09,Technology,Phones,FL,Home Office,2,43.46,0.12,76.38,29.24
O-100988,2023-03-09,Office Supplies,Binders,GA,Corporate,2,14.14,0.21,22.48,3.7
O-100367,2023-03-09,Office Supplies,Binders,PA,Consumer,1,23.83,0.28,17.27,3.47
O-100382,2023-03-09,Office Supplies,Storage,OH,Consumer,2,40.86,0.14,70.04,27.22
O-100778,2023-03-09,Technology,Accessories,OH,Home Office,4,51.09,0.13,178.01,50.23
O-100818,2023-03-09,Furniture,Chairs,TX,Consumer,5,20.97,0.05,99.14,17.15
O-100062,2023-03-09,Office Supplies,Binders,OH,Corporate,4,27.73,0.12,97.79,32.74
O-101033,2023-03-10,Technology,Accessories,NY,Corporate,4,70.1,0.18,228.78,30.54
O-100863,2023-03-10,Furniture,Chairs,FL,Corporate,2,34.94,0.26,51.72,10.07
O-101043,2023-03-10,Office Supplies,Binders,PA,Consumer,4,20.18,0.15,68.65,10.79
O-100637,2023-03-10,Office Supplies,Storage,NC,Home Office,2,39.06,0.08,71.49,16.26
O-100001,2023-03-10,Office Supplies,Storage,PA,Corporate,1,32.3,0.09,29.53,5.52
O-101053,2023-03-10,Office Supplies,Storage,NY,Corporate,1,23.91,0.36,15.29,4.55
O-100189,2023-03-10,Technology,Laptops,TX,Home Office,3,52.04,0.28,112.77,12.83
O-100944,2023-03-10,Technology,Laptops,NC,Consumer,4,43.11,0.12,152.4,38.06
O-101165,2023-03-10,Office Supplies,Binders,TX,Corporate,3,23.21,0.19,56.1,5.78
O-100832,2023-03-10,Furniture,Tables,NC,Corporate,3,12.37,0.03,35.85,12.71
O-100282,2023-03-10,Office Supplies,Paper,IL,Home Office,5,15.96,0.1,71.54,20.5
O-100970,2023-03-10,Furniture,Chairs,IL,Consumer,5,26.33,0.22,102.87,24.04
O-100364,2023-03-10,Technology,Accessories,TX,Consumer,2,25.08,0.05,47.65,15.81
O-100026,2023-03-10,Furniture,Tables,NC,Consumer,4,20.41,0.03,79.29,30.03
O-101037,2023-03-11,Office Supplies,Storage,IL,Consumer,3,26.89,0.17,66.68,16.41
O-100236,2023-03-11,Office Supplies,Binders,FL,Consumer,4,36.58,0.2,117.51,31.13
O-100274,2023-03-11,Furniture,Bookcases,NC,Consumer,3,13.7,0.1,36.79,8.69
O-101092,2023-03-11,Office Supplies,Storage,GA,Consumer,1,33.69,0.04,32.35,7.05
O-100268,2023-03-11,Furniture,Tables,GA,Corporate,5,38.23,0.13,165.74,64.97
O-100882,2023-03-11,Technology,Accessories,WA,Consumer,5,71.07,0.04,341.32,134.87
O-100261,2023-03-11,Technology,Accessories,NY,Corporate,5,34.73,0.12,153.19,25.01
O-100739,2023-03-11,Office Supplies,Paper,TX,Consumer,2,17.79,0.14,30.6,4.99
O-100972,2023-03-11,Furniture,Bookcases,NC,Consumer,4,14.63,0.1,52.88,7.97
O-101163,2023-03-11,Technology,Laptops,IL,Consumer,4,31.15,0.16,105.29,40.79
O-101077,2023-03-11,Technology,Laptops,NC,Corporate,5,26.08,0.04,125.2,19.74
O-100145,2023-03-11,Furniture,Bookcases,NC,Consumer,4,25.92,0.19,84.28,25.64
O-100214,2023-03-11,Technology,Laptops,WA,Consumer,4,43.69,0.24,132.56,33.55
O-100544,2023-03-11,Furniture,Tables,IL,Corporate,3,57.03,0.13,149.19,24.57
O-100987,2023-03-11,Office Supplies,Storage,OH,Consumer,1,8.56,0.1,7.71,1.08
O-100264,2023-03-12,Furniture,Tables,CA,Consumer,5,31.07,0.1,139.85,26.59
O-100536,2023-03-12,Office Supplies,Paper,TX,Corporate,3,22.91,0.15,58.33,7.94
O-100447,2023-03-12,Technology,Laptops,IL,Consumer,4,39.79,0.1,143.21,49.14
O-100918,2023-03-12,Office Supplies,Binders,TX,Home Office,4,40.82,0.34,107.74,11.82
O-100650,2023-03-12,Technology,Phones,OH,Consumer,5,57.15,0.18,235.39,53.67
O-100115,2023-03-12,Office Supplies,Paper,OH,Home Office,1,19.36,0.39,11.82,2.8
O-100104,2023-03-12,Technology,Phones,NC,Corporate,5,29.07,0.11,129.75,50.19
O-100630,2023-03-12,Furniture,Bookcases,TX,Corporate,5,33.63,0.11,150.4,41.02
O-100633,2023-03-12,Office Supplies,Storage,TX,Consumer,4,33.54,0.37,85.16,29.26
O-101071,2023-03-12,Furniture,Chairs,PA,Consumer,2,25.26,0.26,37.37,9.43
O-101012,2023-03-12,Office Supplies,Paper,OH,Consumer,4,14.6,0.09,53.23,6.93
O-100065,2023-03-12,Furniture,Bookcases,TX,Home Office,3,30.4,0.32,61.75,12.58
O-100862,2023-03-12,Technology,Accessories,TX,Consumer,3,33.76,0.14,87.2,11.06
O-100457,2023-03-13,Technology,Phones,NY,Corporate,3,35.41,0.22,82.87,15.56
O-100259,2023-03-13,Furniture,Tables,NY,Consumer,2,13.89,0.01,27.63,3.86
O-100603,2023-03-13,Technology,Accessories,PA,Home Office,5,36.11,0.28,130.15,50.91
O-100645,2023-03-13,Technology,Phones,OH,Home Office,4,48.78,0.05,184.75,51.35
O-100618,2023-03-13,Office Supplies,Storage,FL,Consumer,4,17.95,0.02,70.36,27.44
O-100567,2023-03-13,Office Supplies,Storage,OH,Home Office,1,34.62,0.4,20.83,4.6
O-100375,2023-03-13,Technology,Phones,CA,Corporate,1,52.88,0.2,42.11,9.29
O-100897,2023-03-13,Technology,Laptops,NY,Consumer,5,22.87,0.12,100.3,13.41
O-100631,2023-03-13,Office Supplies,Binders,GA,Consumer,5,26.48,0.37,84.03,12.55
O-100044,2023-03-13,Technology,Phones,FL,Home Office,3,51.17,0.39,93.21,14.12
O-100210,2023-03-14,Office Supplies,Storage,IL,Corporate,3,26.7,0.04,76.92,22.55
O-100981,2023-03-14,Office Supplies,Storage,PA,Consumer,3,26.66,0.12,70.12,22.48
O-100876,2023-03-14,Office Supplies,Binders,FL,Corporate,4,20.07,0.26,59.75,18.72
O-100067,2023-03-14,Technology,Accessories,CA,Corporate,3,52.76,0.22,122.8,35.43
O-100441,2023-03-14,Furniture,Tables,OH,Corporate,1,22.5,0.04,21.51,5.19
O-101112,2023-03-14,Office Supplies,Binders,GA,Consumer,4,14.66,0.25,44.0,14.81
O-100383,2023-03-14,Office Supplies,Storage,IL,Consumer,1,20.63,0.27,15.1,2.62
O-100479,2023-03-14,Furniture,Chairs,NC,Corporate,2,28.43,0.28,41.19,10.95
O-100503,2023-03-14,Furniture,Chairs,GA,Corporate,5,21.84,0.18,89.93,33.23
O-100775,2023-03-14,Office Supplies,Binders,FL,Consumer,1,21.91,0.23,16.78,4.15
O-100194,2023-03-14,Technology,Accessories,NY,Corporate,2,37.05,0.02,72.92,17.2
O-101100,2023-03-14,Office Supplies,Binders,PA,Consumer,3,23.79,0.16,59.94,16.75
O-100954,2023-03-14,Office Supplies,Paper,FL,Consumer,2,24.02,0.13,41.64,12.42
O-100946,2023-03-14,Technology,Laptops,CA,Consumer,4,48.12,0.23,148.2,45.44
O-100018,2023-03-14,Furniture,Tables,WA,Consumer,3,10.02,0.13,26.25,7.22
O-100745,2023-03-14,Office Supplies,Storage,WA,Consumer,3,18.73,0.23,43.06,12.18
O-100746,2023-03-14,Technology,Accessories,TX,Corporate,2,46.86,0.08,86.53,19.24
O-100180,2023-03-14,Office Supplies,Paper,NY,Corporate,3,44.39,0.15,112.6,15.34
O-100610,2023-03-14,Office Supplies,Binders,PA,Home Office,4,37.1,0.22,115.26,43.48
O-100217,2023-03-15,Furniture,Tables,TX,Corporate,3,25.79,0.39,46.95,12.74
O-100106,2023-03-15,Office Supplies,Paper,IL,Corporate,5,39.76,0.16,167.11,25.37
O-101172,2023-03-15,Technology,Accessories,WA,Home Office,3,42.66,0.3,89.49,11.38
O-100748,2023-03-15,Office Supplies,Storage,FL,Corporate,3,16.95,0.32,34.73,10.61
O-100659,2023-03-15,Furniture,Chairs,CA,Consumer,5,20.14,0.04,96.19,13.49
O-100764,2023-03-15,Office Supplies,Storage,IL,Consumer,1,45.48,0.22,35.26,7.33
O-100857,2023-03-15,Furniture,Bookcases,FL,Consumer,1,40.28,0.08,37.24,6.23
O-100238,2023-03-15,Technology,Phones,FL,Corporate,3,34.61,0.44,57.63,7.6
O-100568,2023-03-15,Furniture,Tables,FL,Consumer,4,25.56,0.35,66.64,11.56
O-101070,2023-03-15,Office Supplies,Paper,NC,Home Office,4,32.65,0.5,65.79,20.12
O-101188,2023-03-16,Furniture,Bookcases,FL,Consumer,5,23.41,0.15,99.71,38.71
O-100933,2023-03-16,Technology,Laptops,CA,Home Office,2,38.18,0.32,51.76,17.73
O-100333,2023-03-16,Office Supplies,Storage,IL,Consumer,1,28.37,0.08,25.97,7.96
O-100594,2023-03-16,Furniture,Tables,CA,Consumer,5,18.72,0.18,76.65,18.85
O-100827,2023-03-16,Office Supplies,Binders,WA,Home Office,4,22.41,0.29,63.47,22.02
O-100218,2023-03-16,Furniture,Chairs,FL,Home Office,2,24.73,0.04,47.42,18.45
O-100271,2023-03-16,Technology,Accessories,PA,Consumer,1,51.56,0.16,43.49,14.66
O-100744,2023-03-16,Office Supplies,Binders,NY,Home Office,3,19.07,0.15,48.62,7.01
O-101194,2023-03-16,Office Supplies,Binders,NY,Consumer,5,52.71,0.14,227.83,51.99
O-100571,2023-03-16,Office Supplies,Paper,WA,Corporate,1,22.71,0.19,18.31,4.66
O-100710,2023-03-16,Office Supplies,Binders,FL,Consumer,3,41.6,0.09,113.71,44.8
O-101022,2023-03-16,Furniture,Bookcases,TX,Consumer,5,20.56,0.06,97.1,35.32
O-100187,2023-03-16,Furniture,Bookcases,FL,Home Office,2,24.1,0.16,40.71,10.86
O-101038,2023-03-16,Office Supplies,Storage,OH,Consumer,4,26.44,0.14,90.66,23.39
O-100079,2023-03-17,Office Supplies,Paper,GA,Consumer,2,13.17,0.37,16.65,2.78
O-100380,2023-03-17,Furniture,Chairs,IL,Consumer,3,15.82,0.05,45.05,14.43
O-100314,2023-03-17,Technology,Accessories,PA,Home Office,5,26.88,0.2,106.96,29.83
O-100310,2023-03-17,Technology,Laptops,OH,Home Office,2,40.65,0.05,77.04,18.82
O-100522,2023-03-17,Technology,Laptops,NY,Consumer,3,30.36,0.17,76.01,17.0
O-100068,2023-03-17,Office Supplies,Storage,WA,Home Office,4,36.57,0.15,125.08,18.78
O-100140,2023-03-17,Office Supplies,Binders,FL,Consumer,1,23.23,0.04,22.31,3.64
O-100700,2023-03-17,Technology,Laptops,IL,Corporate,2,61.13,0.13,106.57,12.41
O-100752,2023-03-17,Technology,Accessories,IL,Corporate,4,30.09,0.2,95.76,16.1
O-101005,2023-03-17,Office Supplies,Storage,GA,Corporate,2,17.45,0.15,29.79,5.81
O-100122,2023-03-17,Office Supplies,Binders,FL,Consumer,2,46.54,0.36,59.56,7.13
O-100239,2023-03-17,Office Supplies,Paper,PA,Home Office,4,20.62,0.19,67.17,18.71
O-100754,2023-03-17,Furniture,Bookcases,TX,Consumer,5,25.57,0.01,126.0,48.68
O-100365,2023-03-17,Office Supplies,Binders,TX,Corporate,4,49.64,0.22,155.47,23.77
O-100901,2023-03-17,Furniture,Bookcases,TX,Corporate,2,17.36,0.14,29.88,11.67
O-100299,2023-03-17,Furniture,Bookcases,WA,Consumer,1,28.04,0.13,24.42,6.09
O-100925,2023-03-17,Office Supplies,Binders,NC,Consumer,4,19.07,0.08,70.32,8.29
O-100890,2023-03-17,Office Supplies,Binders,NC,Consumer,1,30.84,0.18,25.43,4.54
O-100580,2023-03-17,Office Supplies,Binders,TX,Home Office,1,16.37,0.15,13.84,1.64
O-100738,2023-03-18,Office Supplies,Storage,NY,Consumer,4,32.21,0.06,120.8,30.87
O-100719,2023-03-18,Office Supplies,Binders,OH,Home Office,2,51.51,0.06,97.23,32.62
O-100166,2023-03-18,Furniture,Chairs,TX,Home Office,3,37.27,0.02,109.25,23.65
O-101001,2023-03-18,Furniture,Bookcases,NY,Corporate,5,22.4,0.07,104.5,37.42
O-100620,2023-03-18,Technology,Phones,WA,Corporate,3,49.28,0.39,89.91,13.72
O-101013,2023-03-18,Office Supplies,Storage,FL,Corporate,3,36.53,0.27,80.43,27.34
O-101168,2023-03-18,Office Supplies,Paper,WA,Consumer,2,13.8,0.23,21.36,7.84
O-100323,2023-03-18,Technology,Accessories,PA,Home Office,5,28.98,0.21,114.55,39.38
O-100046,2023-03-18,Technology,Accessories,IL,Corporate,5,24.97,0.22,97.46,26.14
O-100989,2023-03-18,Furniture,Chairs,IL,Consumer,3,39.09,0.07,109.48,19.22
O-100343,2023-03-18,Technology,Accessories,OH,Consumer,2,31.87,0.27,46.6,10.99
O-100290,2023-03-18,Furniture,Tables,GA,Corporate,1,20.79,0.14,17.96,7.18
O-101034,2023-03-18,Technology,Accessories,OH,Consumer,2,53.87,0.15,91.99,34.58
O-100469,2023-03-18,Furniture,Chairs,GA,Consumer,2,12.65,0.14,21.85,3.24
O-100181,2023-03-19,Technology,Accessories,CA,Consumer,2,53.13,0.25,79.86,28.61
O-100682,2023-03-19,Furniture,Bookcases,FL,Corporate,1,12.97,0.22,10.05,2.51
O-100357,2023-03-19,Office Supplies,Storage,OH,Consumer,5,37.1,0.23,143.57,38.56
O-100921,2023-03-19,Office Supplies,Binders,IL,Consumer,5,29.44,0.09,134.0,23.22
O-100015,2023-03-19,Technology,Accessories,CA,Consumer,5,27.09,0.06,127.02,39.56
O-100413,2023-03-19,Office Supplies,Paper,PA,Consumer,1,22.73,0.16,19.06,7.37
O-100054,2023-03-19,Office Supplies,Paper,NC,Home Office,3,22.85,0.09,62.44,21.57
O-100247,2023-03-19,Office Supplies,Binders,WA,Corporate,4,20.71,0.27,60.65,22.09
O-101042,2023-03-19,Office Supplies,Paper,IL,Consumer,2,51.8,0.14,89.61,29.75
O-100305,2023-03-19,Office Supplies,Storage,NY,Consumer,2,36.75,0.26,54.66,13.19
O-101018,2023-03-19,Furniture,Tables,NY,Corporate,2,38.28,0.1,68.66,21.51
O-100870,2023-03-20,Technology,Phones,OH,Home Office,1,49.06,0.14,42.38,10.14
O-100242,2023-03-20,Office Supplies,Storage,FL,Corporate,3,26.02,0.19,63.26,6.41
O-100595,2023-03-20,Technology,Laptops,NC,Home Office,1,46.8,0.42,27.04,6.36
O-100558,2023-03-20,Furniture,Chairs,PA,Consumer,5,23.88,0.19,96.44,14.94
O-100727,2023-03-20,Furniture,Tables,NY,Consumer,1,18.23,0.05,17.36,2.32
O-100438,2023-03-20,Technology,Laptops,FL,Corporate,1,37.94,0.01,37.38,8.39
O-100913,2023-03-20,Furniture,Chairs,GA,Home Office,2,54.06,0.04,103.89,37.61
O-100688,2023-03-20,Technology,Phones,WA,Corporate,3,44.91,0.51,66.67,18.21
O-100531,2023-03-20,Furniture,Tables,FL,Home Office,2,13.53,0.13,23.52,4.76
O-101080,2023-03-20,Office Supplies,Paper,GA,Consumer,5,21.71,0.18,88.97,32.56
O-101045,2023-03-21,Technology,Laptops,PA,Consumer,4,25.27,0.19,81.54,22.3
O-101035,2023-03-21,Furniture,Chairs,PA,Corporate,4,34.3,0.22,106.76,20.66
O-101028,2023-03-21,Office Supplies,Binders,IL,Consumer,3,39.01,0.05,111.32,22.49
O-100121,2023-03-21,Furniture,Tables,WA,Consumer,4,21.5,0.1,77.4,24.24
O-100485,2023-03-21,Technology,Laptops,GA,Home Office,2,33.7,0.07,62.47,8.68
O-101155,2023-03-21,Technology,Accessories,WA,Consumer,2,31.97,0.08,58.93,14.47
O-100759,2023-03-21,Furniture,Bookcases,WA,Corporate,5,26.17,0.14,112.1,27.74
O-100941,2023-03-21,Technology,Laptops,PA,Corporate,3,16.92,0.14,43.42,14.91
O-100518,2023-03-21,Technology,Accessories,NY,Corporate,1,38.21,0.07,35.58,10.85
O-100414,2023-03-21,Technology,Phones,NC,Consumer,1,18.79,0.15,15.91,4.83
O-100763,2023-03-21,Office Supplies,Storage,TX,Consumer,2,20.66,0.16,34.61,4.08
O-100902,2023-03-22,Office Supplies,Paper,NY,Consumer,1,13.19,0.16,11.04,3.56
O-100728,2023-03-22,Furniture,Bookcases,FL,Corporate,2,24.32,0.02,47.66,13.91
O-100025,2023-03-22,Office Supplies,Paper,NY,Corporate,1,46.37,0.13,40.24,11.31
O-100436,2023-03-22,Furniture,Tables,GA,Corporate,2,28.98,0.04,55.38,17.56
O-100528,2023-03-22,Office Supplies,Binders,IL,Consumer,3,21.85,0.18,53.9,20.78
O-100143,2023-03-22,Office Supplies,Binders,TX,Consumer,2,26.14,0.03,50.55,9.97
O-100822,2023-03-22,Furniture,Tables,IL,Consumer,1,21.36,0.18,17.6,1.83
O-100521,2023-03-22,Office Supplies,Binders,FL,Consumer,3,10.96,0.13,28.49,4.02
O-100087,2023-03-22,Technology,Laptops,CA,Consumer,5,23.93,0.04,114.46,19.22
O-101143,2023-03-22,Office Supplies,Binders,CA,Consumer,3,17.9,0.48,28.07,5.64
O-100794,2023-03-22,Office Supplies,Storage,FL,Corporate,5,30.26,0.16,127.8,48.46
O-100720,2023-03-22,Furniture,Bookcases,PA,Corporate,3,27.2,0.13,70.59,27.92
O-100417,2023-03-22,Furniture,Tables,NY,Consumer,4,26.33,0.18,86.55,27.01
O-101161,2023-03-22,Office Supplies,Paper,OH,Home Office,4,10.96,0.15,37.45,5.31
O-100964,2023-03-22,Technology,Phones,CA,Consumer,3,40.48,0.22,94.27,34.66
O-100454,2023-03-23,Furniture,Bookcases,PA,Corporate,2,18.31,0.29,26.02,3.1
O-100381,2023-03-23,Technology,Phones,OH,Consumer,3,35.82,0.57,45.82,7.94
O-101131,2023-03-23,Technology,Phones,GA,Home Office,1,24.24,0.36,15.42,5.87
O-100939,2023-03-23,Furniture,Bookcases,TX,Consumer,3,37.06,0.21,87.83,16.27
O-100530,2023-03-23,Office Supplies,Binders,OH,Consumer,1,10.76,0.31,7.39,2.62
O-100466,2023-03-23,Technology,Accessories,NC,Consumer,4,22.87,0.12,80.87,15.56
O-100421,2023-03-23,Furniture,Chairs,OH,Corporate,4,51.5,0.33,138.67,38.98
O-100585,2023-03-23,Furniture,Chairs,PA,Consumer,3,39.64,0.29,84.65,32.65
O-100023,2023-03-23,Furniture,Chairs,NC,Consumer,4,35.53,0.25,106.78,37.49
O-100118,2023-03-23,Technology,Phones,NY,Consumer,4,23.86,0.24,72.68,25.72
O-101019,2023-03-23,Office Supplies,Binders,CA,Consumer,1,14.38,0.51,6.98,2.58
O-101144,2023-03-23,Technology,Laptops,TX,Consumer,5,41.92,0.07,195.15,76.01
O-101169,2023-03-23,Office Supplies,Paper,FL,Home Office,5,28.54,0.29,101.61,12.26
O-100273,2023-03-23,Technology,Accessories,NC,Consumer,1,29.25,0.06,27.55,2.89
O-100587,2023-03-23,Technology,Accessories,FL,Home Office,1,47.07,0.23,36.28,4.36
O-100554,2023-03-23,Furniture,Tables,WA,Corporate,2,21.2,0.14,36.65,10.85
O-100203,2023-03-24,Technology,Accessories,NC,Consumer,3,21.83,0.04,62.92,17.17
O-100629,2023-03-24,Office Supplies,Binders,WA,Consumer,2,23.31,0.19,37.68,13.74
O-100712,2023-03-24,Furniture,Tables,IL,Consumer,4,41.32,0.17,137.27,35.46
O-100216,2023-03-24,Office Supplies,Paper,IL,Corporate,2,14.44,0.08,26.69,3.85
O-100506,2023-03-24,Technology,Laptops,OH,Home Office,4,50.05,0.02,196.04,30.46
O-100480,2023-03-24,Office Supplies,Binders,NY,Consumer,5,28.34,0.06,133.56,28.29
O-100686,2023-03-24,Office Supplies,Binders,CA,Home Office,4,26.06,0.05,98.85,15.64
O-100008,2023-03-24,Furniture,Tables,OH,Consumer,4,28.48,0.15,96.54,31.45
O-100093,2023-03-24,Office Supplies,Paper,PA,Home Office,2,22.64,0.05,42.8,10.68
O-100600,2023-03-24,Office Supplies,Paper,WA,Corporate,3,32.06,0.12,84.6,32.36
O-101106,2023-03-24,Furniture,Chairs,PA,Corporate,3,39.79,0.21,93.88,32.45
O-100828,2023-03-24,Furniture,Chairs,OH,Consumer,2,30.52,0.38,37.83,6.14
O-100992,2023-03-24,Office Supplies,Binders,FL,Consumer,5,18.13,0.28,65.26,22.33
O-100609,2023-03-25,Technology,Phones,IL,Corporate,4,29.49,0.06,110.63,29.37
O-100200,2023-03-25,Office Supplies,Binders,OH,Consumer,2,18.29,0.28,26.2,6.2
O-101093,2023-03-25,Furniture,Bookcases,OH,Corporate,1,20.59,0.39,12.63,3.39
O-100088,2023-03-25,Furniture,Tables,TX,Home Office,1,22.18,0.27,16.2,2.96
O-100064,2023-03-25,Furniture,Bookcases,GA,Home Office,2,20.82,0.18,34.22,3.45
O-100525,2023-03-25,Furniture,Bookcases,NY,Consumer,1,42.95,0.19,34.86,12.32
O-101160,2023-03-25,Furniture,Chairs,IL,Home Office,4,46.49,0.04,178.55,32.26
O-100425,2023-03-25,Furniture,Chairs,GA,Consumer,4,32.71,0.04,125.89,28.46
O-100059,2023-03-25,Office Supplies,Binders,OH,Consumer,5,49.23,0.05,233.62,76.52
O-100740,2023-03-26,Office Supplies,Binders,FL,Consumer,4,30.13,0.18,98.87,30.83
O-100819,2023-03-26,Office Supplies,Binders,FL,Home Office,5,30.34,0.11,135.08,18.47
O-101025,2023-03-26,Technology,Laptops,CA,Consumer,2,66.45,0.07,124.18,19.24
O-100172,2023-03-26,Office Supplies,Storage,GA,Home Office,5,18.6,0.12,82.15,15.81
O-100499,2023-03-26,Furniture,Chairs,OH,Consumer,4,16.34,0.23,50.21,14.8
O-101040,2023-03-26,Technology,Phones,TX,Corporate,3,65.56,0.12,173.98,51.06
O-100355,2023-03-26,Furniture,Chairs,TX,Consumer,5,13.49,0.36,43.25,10.33
O-100673,2023-03-26,Technology,Phones,CA,Consumer,5,35.17,0.21,138.13,17.9
O-100957,2023-03-26,Furniture,Chairs,NC,Corporate,2,14.08,0.12,24.75,7.2
O-100467,2023-03-26,Office Supplies,Binders,NC,Corporate,2,16.06,0.08,29.51,9.78
O-100919,2023-03-27,Technology,Laptops,NC,Home Office,3,39.45,0.08,108.54,21.23
O-100094,2023-03-27,Furniture,Tables,IL,Corporate,2,15.49,0.28,22.3,3.67
O-100281,2023-03-27,Furniture,Tables,NY,Consumer,2,22.52,0.15,38.09,4.77
O-100071,2023-03-27,Office Supplies,Paper,GA,Consumer,4,53.66,0.4,128.74,14.67
O-101095,2023-03-27,Office Supplies,Binders,CA,Corporate,4,23.62,0.11,83.74,22.13
O-100091,2023-03-27,Office Supplies,Binders,PA,Home Office,4,20.82,0.27,60.8,13.02
O-100415,2023-03-27,Technology,Laptops,GA,Consumer,2,32.05,0.19,51.72,19.86
O-100177,2023-03-27,Office Supplies,Paper,PA,Consumer,3,21.38,0.13,55.75,10.88
O-100058,2023-03-27,Furniture,Bookcases,GA,Corporate,4,16.7,0.17,55.64,8.02
O-100651,2023-03-28,Furniture,Chairs,FL,Consumer,3,31.41,0.1,84.99,33.53
O-100212,2023-03-28,Office Supplies,Storage,IL,Home Office,5,30.15,0.14,130.06,49.96
O-100030,2023-03-28,Furniture,Tables,NC,Home Office,2,20.63,0.19,33.4,3.55
O-100741,2023-03-28,Furniture,Bookcases,CA,Consumer,4,15.69,0.03,60.83,18.4
O-100011,2023-03-28,Furniture,Chairs,IL,Consumer,3,18.42,0.12,48.42,10.14
O-100053,2023-03-28,Technology,Phones,NC,Home Office,1,17.64,0.19,14.28,1.93
O-100403,2023-03-28,Office Supplies,Storage,PA,Home Office,5,22.68,0.13,98.59,22.15
O-100188,2023-03-28,Office Supplies,Binders,TX,Home Office,3,24.85,0.12,65.5,20.71
O-100500,2023-03-28,Technology,Phones,PA,Corporate,3,46.06,0.19,111.97,42.82
O-101124,2023-03-29,Office Supplies,Storage,TX,Consumer,5,27.98,0.08,128.44,41.19
O-100547,2023-03-29,Office Supplies,Binders,PA,Home Office,4,26.19,0.09,95.15,25.73
O-100550,2023-03-29,Furniture,Bookcases,IL,Consumer,5,27.51,0.16,115.2,36.98
O-100635,2023-03-29,Technology,Phones,OH,Corporate,5,28.54,0.06,134.39,35.31
O-100105,2023-03-29,Office Supplies,Storage,NY,Consumer,3,36.81,0.19,89.96,33.13
O-100325,2023-03-29,Technology,Phones,OH,Consumer,3,34.52,0.04,99.81,19.84
O-100049,2023-03-29,Furniture,Bookcases,IL,Consumer,4,26.86,0.13,93.4,25.82
O-100226,2023-03-29,Furniture,Chairs,GA,Consumer,3,30.62,0.1,82.99,22.1
O-100715,2023-03-30,Office Supplies,Binders,CA,Consumer,5,22.06,0.14,94.57,31.81
O-100519,2023-03-30,Technology,Phones,OH,Consumer,5,29.49,0.24,111.67,11.82
O-100831,2023-03-30,Furniture,Chairs,FL,Home Office,5,39.8,0.27,145.68,25.42
O-101182,2023-03-30,Technology,Laptops,NY,Consumer,1,33.87,0.11,30.16,3.15
O-100321,2023-03-30,Technology,Phones,CA,Consumer,2,41.82,0.12,73.31,15.51
O-100534,2023-03-30,Furniture,Tables,NY,Home Office,3,21.38,0.37,40.13,14.14
O-100042,2023-03-30,Technology,Laptops,OH,Consumer,4,27.99,0.02,109.77,36.99
O-101099,2023-03-30,Technology,Accessories,FL,Consumer,1,82.28,0.19,66.47,13.16
O-100484,2023-03-30,Office Supplies,Paper,FL,Consumer,3,38.91,0.04,111.76,35.61
O-100262,2023-03-30,Office Supplies,Storage,TX,Home Office,3,32.05,0.18,79.15,28.61
O-100449,2023-03-30,Office Supplies,Binders,NY,Home Office,3,22.68,0.15,57.96,22.77
O-100885,2023-03-30,Office Supplies,Storage,PA,Consumer,5,22.32,0.34,73.37,14.32
O-100979,2023-03-30,Furniture,Bookcases,IL,Corporate,1,16.64,0.18,13.57,4.17
O-100774,2023-03-31,Office Supplies,Paper,CA,Consumer,1,20.54,0.3,14.46,2.64
O-100063,2023-03-31,Office Supplies,Binders,IL,Consumer,3,32.65,0.15,83.67,22.7
O-100837,2023-03-31,Furniture,Bookcases,IL,Consumer,1,33.88,0.33,22.63,5.36
O-101148,2023-03-31,Technology,Laptops,OH,Corporate,2,47.37,0.09,85.92,21.77
O-100953,2023-03-31,Furniture,Tables,TX,Home Office,4,38.66,0.23,119.74,36.91
O-100215,2023-03-31,Office Supplies,Storage,WA,Corporate,5,41.59,0.09,189.85,38.45
O-100412,2023-03-31,Office Supplies,Storage,IL,Home Office,2,23.9,0.28,34.62,8.86
O-100824,2023-03-31,Furniture,Chairs,FL,Consumer,3,23.94,0.32,48.92,18.62
O-101162,2023-03-31,Furniture,Tables,NY,Home Office,4,17.23,0.26,51.34,6.07
O-100736,2023-03-31,Office Supplies,Storage,NC,Consumer,2,25.96,0.32,35.35,11.16
O-100327,2023-03-31,Technology,Accessories,TX,Corporate,1,24.73,0.17,20.6,3.64
O-100565,2023-04-01,Furniture,Chairs,PA,Consumer,2,21.76,0.11,38.68,4.02
O-100101,2023-04-01,Furniture,Chairs,TX,Consumer,2,35.84,0.21,56.97,9.02
O-101048,2023-04-01,Technology,Phones,CA,Corporate,3,38.35,0.2,91.55,14.25
O-100717,2023-04-01,Office Supplies,Binders,PA,Corporate,5,35.79,0.05,170.09,29.02
O-100198,2023-04-01,Office Supplies,Binders,GA,Corporate,2,37.83,0.2,60.53,18.77
O-100351,2023-04-01,Office Supplies,Paper,FL,Consumer,1,18.02,0.36,11.52,2.61
O-101115,2023-04-01,Office Supplies,Paper,IL,Consumer,2,8.76,0.04,16.76,6.15
O-100932,2023-04-01,Furniture,Chairs,FL,Corporate,1,37.64,0.02,36.73,10.24
O-100936,2023-04-01,Technology,Laptops,TX,Consumer,3,28.99,0.11,77.58,15.79
O-100699,2023-04-01,Office Supplies,Storage,GA,Consumer,5,34.41,0.14,147.53,52.63
O-101068,2023-04-01,Office Supplies,Storage,IL,Home Office,2,28.94,0.19,46.73,13.35
O-101036,2023-04-02,Technology,Accessories,WA,Corporate,3,25.03,0.07,70.12,9.47
O-100685,2023-04-02,Office Supplies,Storage,GA,Home Office,4,18.5,0.23,57.33,7.74
O-100156,2023-04-02,Office Supplies,Storage,NC,Consumer,4,16.09,0.11,57.1,6.26
O-100905,2023-04-02,Furniture,Chairs,FL,Corporate,5,28.81,0.01,142.95,46.08
O-100453,2023-04-02,Office Supplies,Storage,CA,Corporate,2,37.01,0.12,64.87,7.86
O-100593,2023-04-02,Office Supplies,Binders,NY,Home Office,4,28.78,0.24,87.07,27.51
O-101078,2023-04-02,Technology,Accessories,PA,Consumer,2,36.19,0.16,60.64,17.49
O-100653,2023-04-03,Office Supplies,Storage,CA,Home Office,1,19.1,0.27,13.96,2.99
O-100805,2023-04-03,Technology,Phones,NC,Corporate,5,36.84,0.26,136.1,42.76
O-100424,2023-04-03,Office Supplies,Paper,NC,Corporate,5,11.46,0.21,45.11,12.33
O-100551,2023-04-03,Office Supplies,Storage,IL,Consumer,2,21.86,0.07,40.63,14.26
O-100791,2023-04-03,Furniture,Bookcases,FL,Consumer,4,28.77,0.03,111.94,17.95
O-100360,2023-04-03,Furniture,Tables,FL,Consumer,2,30.32,0.16,50.65,18.21
O-100879,2023-04-03,Furniture,Bookcases,PA,Corporate,2,22.74,0.18,37.25,13.4
O-100165,2023-04-03,Furniture,Tables,CA,Home Office,5,17.96,0.27,65.7,8.61
O-100452,2023-04-03,Technology,Accessories,WA,Consumer,1,35.47,0.16,29.68,10.32
O-100896,2023-04-03,Technology,Phones,IL,Consumer,5,35.34,0.14,152.26,43.55
O-100114,2023-04-03,Technology,Phones,GA,Consumer,2,41.29,0.11,73.54,16.75
O-101094,2023-04-03,Furniture,Bookcases,FL,Home Office,1,17.19,0.08,15.82,5.43
O-100619,2023-04-04,Office Supplies,Storage,TX,Home Office,2,28.58,0.19,46.24,7.59
O-100608,2023-04-04,Furniture,Bookcases,WA,Home Office,2,15.65,0.15,26.75,5.39
O-100486,2023-04-04,Furniture,Chairs,NY,Consumer,4,37.26,0.19,120.45,17.1
O-101146,2023-04-04,Furniture,Tables,PA,Home Office,1,23.74,0.21,18.87,3.7
O-100820,2023-04-04,Furniture,Tables,CA,Consumer,2,25.1,0.17,41.74,14.53
O-100229,2023-04-04,Furniture,Tables,FL,Home Office,4,32.59,0.13,113.15,15.74
O-100111,2023-04-04,Furniture,Bookcases,WA,Home Office,3,23.45,0.2,56.0,10.84
O-100396,2023-04-04,Furniture,Chairs,OH,Home Office,2,8.23,0.17,13.62,4.07
O-100435,2023-04-04,Furniture,Chairs,NY,Consumer,5,16.54,0.05,78.64,12.41
O-100097,2023-04-04,Office Supplies,Binders,FL,Corporate,1,20.09,0.24,15.29,3.09
O-100874,2023-04-05,Technology,Accessories,CA,Consumer,5,20.99,0.33,70.34,22.98
O-100000,2023-04-05,Furniture,Chairs,NC,Corporate,2,30.57,0.03,59.26,8.07
O-101082,2023-04-05,Furniture,Chairs,OH,Corporate,5,34.54,0.14,149.11,39.12
O-100126,2023-04-05,Furniture,Chairs,IL,Consumer,2,15.48,0.23,23.88,6.22
O-100127,2023-04-05,Furniture,Chairs,CA,Home Office,4,31.23,0.16,105.01,29.47
O-100128,2023-04-05,Technology,Phones,FL,Corporate,5,35.0,0.02,171.08,61.08
O-100146,2023-04-05,Office Supplies,Paper,FL,Consumer,3,14.3,0.06,40.31,12.22
O-101147,2023-04-05,Office Supplies,Paper,PA,Consumer,1,28.75,0.19,23.22,8.91
O-101121,2023-04-05,Furniture,Chairs,GA,Consumer,1,29.45,0.08,26.99,6.33
O-100219,2023-04-05,Furniture,Tables,GA,Consumer,1,19.38,0.09,17.72,4.7
O-101119,2023-04-05,Office Supplies,Paper,TX,Corporate,5,36.42,0.07,168.53,48.32
O-100243,2023-04-05,Furniture,Bookcases,GA,Corporate,4,20.47,0.11,72.8,10.52
O-100809,2023-04-05,Furniture,Tables,OH,Consumer,5,18.29,0.07,84.86,30.17
O-101026,2023-04-05,Furniture,Bookcases,WA,Consumer,1,24.03,0.06,22.54,2.39
O-100514,2023-04-05,Technology,Accessories,FL,Home Office,1,29.58,0.08,27.22,4.25
O-100997,2023-04-05,Technology,Laptops,CA,Home Office,3,45.9,0.18,113.25,35.04
O-100994,2023-04-05,Technology,Laptops,WA,Consumer,5,27.49,0.34,90.74,29.13
O-100429,2023-04-05,Office Supplies,Binders,FL,Consumer,1,26.71,0.14,23.05,5.98
O-100963,2023-04-05,Furniture,Chairs,TX,Consumer,5,25.7,0.08,118.14,20.51
O-100891,2023-04-05,Technology,Phones,PA,Consumer,4,32.73,0.25,98.83,22.78
O-100735,2023-04-05,Furniture,Chairs,TX,Corporate,4,24.35,0.14,83.84,30.82
O-100643,2023-04-05,Office Supplies,Binders,NC,Consumer,2,32.57,0.07,60.75,17.66
O-100590,2023-04-06,Office Supplies,Storage,IL,Consumer,3,31.47,0.08,86.57,22.83
O-100090,2023-04-06,Technology,Laptops,WA,Corporate,2,54.2,0.08,99.3,31.01
O-100753,2023-04-06,Furniture,Chairs,CA,Corporate,1,21.38,0.03,20.72,5.97
O-101107,2023-04-06,Technology,Laptops,IL,Corporate,1,52.54,0.03,50.88,19.72
O-100798,2023-04-06,Technology,Phones,NC,Consumer,2,39.21,0.15,66.8,8.92
O-100317,2023-04-06,Office Supplies,Storage,CA,Home Office,3,26.17,0.25,58.88,21.61
O-101195,2023-04-07,Technology,Phones,GA,Home Office,1,39.78,0.4,24.07,5.24
O-100007,2023-04-07,Furniture,Bookcases,PA,Corporate,2,26.17,0.04,50.45,17.51
O-100948,2023-04-07,Technology,Phones,NC,Corporate,1,20.44,0.08,18.75,4.64
O-100689,2023-04-07,Technology,Laptops,TX,Corporate,4,30.79,0.03,119.65,27.04
O-101069,2023-04-07,Technology,Laptops,NY,Consumer,5,37.82,0.11,169.06,53.59
O-100718,2023-04-07,Furniture,Tables,TX,Consumer,2,26.23,0.13,45.84,12.39
O-100182,2023-04-07,Furniture,Chairs,TX,Consumer,4,19.0,0.05,72.42,28.25
O-100769,2023-04-07,Office Supplies,Binders,CA,Corporate,3,37.66,0.44,62.72,20.79
O-100280,2023-04-08,Furniture,Chairs,CA,Corporate,2,15.36,0.15,26.06,3.99
O-100776,2023-04-08,Office Supplies,Binders,PA,Home Office,3,17.36,0.39,31.55,10.43
O-100319,2023-04-08,Technology,Accessories,IL,Consumer,1,38.18,0.2,30.71,5.22
O-100577,2023-04-08,Office Supplies,Paper,NC,Consumer,5,21.45,0.11,95.92,25.39
O-100671,2023-04-08,Technology,Accessories,PA,Home Office,1,45.32,0.04,43.38,10.15
O-100308,2023-04-08,Furniture,Bookcases,NY,Corporate,4,22.01,0.35,57.44,19.8
O-100296,2023-04-08,Technology,Laptops,TX,Home Office,3,52.24,0.22,122.19,19.91
O-100706,2023-04-08,Technology,Phones,PA,Consumer,1,37.27,0.02,36.6,9.21
O-101111,2023-04-09,Furniture,Chairs,WA,Consumer,2,32.65,0.36,41.59,15.67
O-101173,2023-04-09,Technology,Phones,FL,Consumer,1,42.79,0.03,41.58,8.95
O-101187,2023-04-09,Furniture,Chairs,CA,Home Office,4,24.11,0.17,79.58,17.04
O-101199,2023-04-09,Office Supplies,Storage,FL,Corporate,2,25.95,0.29,37.0,10.87
O-100401,2023-04-09,Office Supplies,Storage,PA,Corporate,3,20.51,0.01,60.97,19.22
O-100855,2023-04-09,Furniture,Chairs,IL,Consumer,1,50.1,0.07,46.51,12.11
O-100757,2023-04-09,Technology,Laptops,FL,Consumer,1,25.27,0.44,14.05,3.43
O-100511,2023-04-09,Office Supplies,Storage,NY,Home Office,3,23.05,0.35,44.93,8.91
O-100171,2023-04-09,Furniture,Bookcases,NY,Home Office,2,24.53,0.23,37.88,11.6
O-100408,2023-04-10,Technology,Phones,WA,Corporate,2,31.26,0.17,52.11,6.54
O-100445,2023-04-10,Furniture,Tables,TX,Consumer,3,36.92,0.08,102.41,31.61
O-100448,2023-04-10,Office Supplies,Paper,NY,Corporate,1,17.06,0.38,10.52,4.08
O-100450,2023-04-10,Office Supplies,Paper,CA,Consumer,5,29.25,0.09,133.36,50.45
O-100241,2023-04-10,Furniture,Tables,WA,Consumer,3,18.54,0.04,53.27,12.2
O-100108,2023-04-10,Office Supplies,Paper,NC,Consumer,2,20.62,0.13,35.89,9.58
O-101170,2023-04-10,Office Supplies,Binders,NY,Corporate,1,22.34,0.27,16.42,3.74
O-101097,2023-04-10,Furniture,Chairs,FL,Corporate,5,33.42,0.37,105.83,35.06
O-100527,2023-04-10,Furniture,Chairs,TX,Home Office,4,25.24,0.06,94.43,22.07
O-101178,2023-04-10,Technology,Phones,TX,Corporate,2,33.1,0.24,50.29,14.62
O-100976,2023-04-10,Technology,Phones,OH,Consumer,1,33.59,0.04,32.31,3.88
O-100907,2023-04-10,Technology,Phones,PA,Corporate,5,25.96,0.13,112.8,43.89
O-100033,2023-04-10,Furniture,Tables,IL,Home Office,3,37.21,0.34,73.98,10.37
O-100339,2023-04-11,Office Supplies,Paper,GA,Corporate,2,34.01,0.03,65.69,16.56
O-101138,2023-04-11,Furniture,Tables,PA,Corporate,5,36.21,0.17,149.76,22.62
O-101108,2023-04-11,Technology,Accessories,TX,Home Office,1,23.18,0.27,16.88,6.65
O-100965,2023-04-11,Technology,Phones,PA,Corporate,1,49.38,0.27,36.04,10.16
O-101081,2023-04-11,Office Supplies,Paper,GA,Home Office,3,28.13,0.28,61.17,21.55
O-100250,2023-04-11,Technology,Laptops,CA,Home Office,2,29.56,0.13,51.21,7.0
O-100552,2023-04-11,Office Supplies,Storage,PA,Consumer,2,20.43,0.1,36.66,14.03
O-100494,2023-04-11,Office Supplies,Paper,FL,Corporate,5,13.05,0.14,56.05,6.43
O-100311,2023-04-11,Furniture,Tables,PA,Home Office,3,31.13,0.1,84.06,8.68
O-100523,2023-04-11,Furniture,Tables,PA,Consumer,1,19.52,0.17,16.29,4.36
O-100583,2023-04-11,Furniture,Tables,OH,Home Office,4,24.04,0.09,87.28,11.11
O-100698,2023-04-11,Furniture,Chairs,CA,Consumer,4,15.45,0.27,44.99,6.65
O-100131,2023-04-12,Furniture,Chairs,IL,Home Office,2,31.15,0.16,52.42,20.75
O-100543,2023-04-12,Technology,Accessories,TX,Consumer,4,68.95,0.06,260.56,42.42
O-100516,2023-04-12,Office Supplies,Storage,NC,Corporate,3,12.84,0.17,31.8,9.63
O-101132,2023-04-12,Technology,Accessories,NC,Consumer,4,45.33,0.14,155.17,33.97
O-100841,2023-04-12,Office Supplies,Binders,CA,Consumer,3,24.07,0.21,56.73,11.43
O-100604,2023-04-12,Furniture,Chairs,GA,Corporate,2,26.52,0.16,44.69,10.1
O-100458,2023-04-13,Office Supplies,Binders,FL,Home Office,1,31.41,0.2,25.15,8.82
O-100139,2023-04-13,Technology,Phones,OH,Corporate,4,46.86,0.14,161.5,30.58
O-100509,2023-04-13,Technology,Phones,WA,Corporate,4,40.66,0.06,153.63,37.78
O-100996,2023-04-13,Technology,Phones,WA,Home Office,5,25.15,0.17,104.08,15.02
O-101180,2023-04-13,Furniture,Bookcases,WA,Home Office,3,21.27,0.24,48.55,16.26
O-101198,2023-04-13,Technology,Accessories,CA,Corporate,4,28.48,0.05,108.12,34.83
O-100967,2023-04-13,Technology,Accessories,PA,Home Office,3,20.31,0.05,57.72,15.37
O-100785,2023-04-13,Office Supplies,Binders,WA,Consumer,5,18.08,0.28,65.06,12.87
O-101075,2023-04-14,Furniture,Tables,TX,Consumer,2,27.14,0.09,49.57,5.64
O-100443,2023-04-14,Technology,Laptops,TX,Corporate,4,48.02,0.29,135.98,26.99
O-100540,2023-04-14,Office Supplies,Paper,NY,Home Office,4,24.22,0.02,95.19,32.26
O-100555,2023-04-14,Office Supplies,Paper,FL,Consumer,3,30.67,0.05,87.34,20.94
O-100858,2023-04-14,Office Supplies,Paper,GA,Consumer,1,13.72,0.18,11.32,3.13
O-100973,2023-04-14,Furniture,Bookcases,NC,Consumer,4,36.32,0.19,117.65,37.79
O-100730,2023-04-14,Office Supplies,Binders,GA,Consumer,5,18.08,0.15,76.77,9.0
O-101120,2023-04-15,Technology,Phones,IL,Consumer,4,25.17,0.31,69.58,26.06
O-101196,2023-04-15,Office Supplies,Storage,IL,Consumer,1,35.46,0.37,22.17,3.49
O-100800,2023-04-15,Furniture,Tables,OH,Home Office,5,26.61,0.23,102.11,16.81
O-100393,2023-04-15,Technology,Phones,PA,Consumer,3,47.17,0.26,104.61,14.75
O-100358,2023-04-15,Technology,Accessories,TX,Home Office,1,29.95,0.03,29.05,10.88
O-101197,2023-04-15,Office Supplies,Binders,GA,Corporate,3,18.2,0.08,50.2,8.49
O-100113,2023-04-15,Furniture,Bookcases,NC,Corporate,2,22.92,0.12,40.47,15.9
O-100255,2023-04-15,Furniture,Tables,NY,Consumer,5,16.38,0.34,54.08,10.04
O-100975,2023-04-16,Office Supplies,Paper,CA,Corporate,1,52.04,0.25,38.99,8.76
O-101086,2023-04-16,Office Supplies,Storage,NC,Consumer,3,25.42,0.07,70.82,22.91
O-100821,2023-04-16,Furniture,Chairs,IL,Consumer,1,28.67,0.23,22.09,5.1
O-100632,2023-04-16,Technology,Laptops,NY,Consumer,2,25.26,0.07,46.93,17.16
O-100024,2023-04-16,Technology,Laptops,TX,Consumer,4,46.25,0.19,150.13,55.66
O-100880,2023-04-17,Furniture,Tables,NC,Corporate,5,24.96,0.38,77.35,14.57
O-100349,2023-04-17,Furniture,Chairs,WA,Corporate,3,23.49,0.13,61.24,21.03
O-100770,2023-04-17,Office Supplies,Paper,WA,Consumer,1,25.92,0.27,19.04,2.93
O-100830,2023-04-17,Office Supplies,Paper,PA,Corporate,2,20.93,0.31,28.88,10.18
O-100005,2023-04-17,Office Supplies,Storage,OH,Corporate,5,50.98,0.21,202.33,69.99
O-100073,2023-04-17,Furniture,Bookcases,GA,Corporate,3,23.27,0.12,61.17,9.74
O-100306,2023-04-17,Office Supplies,Paper,GA,Consumer,2,21.28,0.28,30.53,9.16
O-100304,2023-04-17,Technology,Laptops,FL,Consumer,5,35.06,0.29,123.86,17.34
O-100672,2023-04-17,Furniture,Tables,PA,Home Office,4,18.31,0.1,66.16,9.5
O-101123,2023-04-17,Office Supplies,Binders,GA,Consumer,5,10.14,0.14,43.69,5.57
O-100157,2023-04-18,Office Supplies,Storage,WA,Consumer,2,30.49,0.21,47.87,15.12
O-100612,2023-04-18,Furniture,Chairs,GA,Consumer,3,20.49,0.1,55.57,17.37
O-101193,2023-04-18,Office Supplies,Binders,IL,Corporate,1,33.13,0.17,27.61,2.93
O-101060,2023-04-18,Furniture,Bookcases,NY,Home Office,4,17.46,0.03,67.52,17.58
O-100564,2023-04-18,Office Supplies,Storage,IL,Home Office,4,21.1,0.17,70.13,23.72
O-100099,2023-04-18,Office Supplies,Storage,IL,Consumer,1,26.23,0.13,22.7,3.13
O-100089,2023-04-18,Furniture,Chairs,PA,Consumer,4,22.08,0.32,60.45,21.9
O-101122,2023-04-19,Technology,Laptops,IL,Home Office,1,14.19,0.3,9.87,2.34
O-100193,2023-04-19,Office Supplies,Paper,FL,Home Office,3,26.5,0.14,68.16,7.79
O-101054,2023-04-19,Office Supplies,Paper,FL,Consumer,2,16.64,0.03,32.19,11.24
O-100894,2023-04-19,Furniture,Tables,TX,Consumer,5,20.99,0.11,93.64,29.45
O-100513,2023-04-20,Technology,Accessories,GA,Consumer,1,35.85,0.19,28.9,5.95
O-100040,2023-04-20,Furniture,Tables,OH,Consumer,5,10.27,0.15,43.42,5.71
O-100084,2023-04-20,Technology,Phones,WA,Consumer,1,87.16,0.36,55.95,21.48
O-101136,2023-04-20,Furniture,Bookcases,OH,Corporate,2,17.84,0.29,25.22,5.21
O-101156,2023-04-20,Office Supplies,Storage,IL,Home Office,5,48.76,0.09,222.29,55.6
O-100335,2023-04-20,Office Supplies,Binders,WA,Consumer,3,46.09,0.13,120.51,21.71
O-100747,2023-04-20,Technology,Phones,OH,Consumer,4,22.43,0.22,69.69,26.41
O-100184,2023-04-20,Furniture,Tables,OH,Corporate,3,45.2,0.03,130.94,39.77
O-100185,2023-04-20,Office Supplies,Storage,NC,Consumer,4,18.56,0.21,58.83,9.02
O-100020,2023-04-20,Technology,Phones,IL,Corporate,1,33.51,0.09,30.54,9.75
O-100451,2023-04-21,Furniture,Tables,PA,Corporate,1,17.14,0.14,14.73,2.14
O-100175,2023-04-21,Office Supplies,Storage,GA,Consumer,3,23.49,0.2,56.71,18.46
O-100947,2023-04-21,Technology,Phones,CA,Consumer,1,20.43,0.18,16.8,4.78
O-100816,2023-04-22,Office Supplies,Binders,IL,Corporate,5,44.87,0.16,188.3,42.62
O-100208,2023-04-22,Furniture,Tables,OH,Corporate,4,15.12,0.05,57.55,6.81
O-100147,2023-04-22,Technology,Laptops,IL,Corporate,3,92.0,0.21,216.86,24.9
O-100642,2023-04-22,Office Supplies,Paper,NC,Consumer,4,29.43,0.02,114.8,37.09
O-100926,2023-04-22,Office Supplies,Paper,OH,Consumer,2,30.14,0.18,49.38,10.6
O-101117,2023-04-22,Furniture,Chairs,PA,Corporate,1,17.63,0.09,16.12,1.61
O-100889,2023-04-23,Office Supplies,Storage,OH,Corporate,2,28.33,0.53,26.81,6.9
O-100959,2023-04-23,Technology,Phones,PA,Consumer,2,43.29,0.1,78.32,30.92
O-100468,2023-04-23,Technology,Laptops,GA,Home Office,1,53.47,0.06,50.17,13.89
O-100329,2023-04-23,Technology,Accessories,NY,Corporate,5,21.86,0.05,103.63,20.6
O-100289,2023-04-23,Office Supplies,Paper,OH,Corporate,5,46.67,0.31,161.23,30.58
O-100542,2023-04-23,Technology,Laptops,OH,Corporate,2,43.63,0.45,48.43,6.23
O-100917,2023-04-23,Office Supplies,Storage,CA,Home Office,3,68.03,0.21,161.87,41.1
O-100582,2023-04-24,Furniture,Chairs,OH,Corporate,3,12.09,0.37,22.86,3.76
O-100176,2023-04-24,Office Supplies,Storage,OH,Corporate,5,19.01,0.09,86.88,16.96
O-101030,2023-04-24,Technology,Accessories,CA,Home Office,3,52.75,0.24,120.27,14.02
O-100906,2023-04-24,Office Supplies,Storage,CA,Home Office,1,16.27,0.37,10.29,1.26
O-100052,2023-04-25,Office Supplies,Storage,NC,Corporate,3,31.52,0.31,64.99,25.8
O-100634,2023-04-25,Technology,Laptops,PA,Consumer,2,28.82,0.04,55.44,10.23
O-100294,2023-04-25,Office Supplies,Paper,FL,Home Office,3,34.37,0.3,72.3,15.59
O-101050,2023-04-25,Furniture,Chairs,FL,Corporate,4,15.25,0.35,39.42,10.65
O-100678,2023-04-25,Office Supplies,Storage,NY,Corporate,3,18.2,0.13,47.48,16.07
O-100151,2023-04-25,Office Supplies,Storage,GA,Consumer,2,40.05,0.17,66.33,17.74
O-100807,2023-04-25,Technology,Phones,OH,Corporate,5,35.73,0.2,142.67,52.11
O-100579,2023-04-25,Office Supplies,Storage,CA,Corporate,3,25.58,0.07,71.53,23.23
O-100035,2023-04-26,Office Supplies,Paper,TX,Consumer,1,31.36,0.13,27.42,9.2
O-101133,2023-04-26,Technology,Laptops,CA,Consumer,1,27.17,0.18,22.22,7.33
O-100391,2023-04-26,Furniture,Bookcases,TX,Consumer,3,15.9,0.05,45.45,14.37
O-100459,2023-04-26,Technology,Accessories,CA,Corporate,1,39.67,0.31,27.43,6.32
O-101166,2023-04-27,Office Supplies,Binders,CA,Home Office,3,51.91,0.05,147.75,32.62
O-100130,2023-04-27,Office Supplies,Storage,GA,Consumer,4,18.48,0.37,46.69,16.79
O-100731,2023-04-27,Technology,Laptops,NY,Consumer,3,66.69,0.23,153.15,29.08
O-100765,2023-04-27,Office Supplies,Storage,FL,Corporate,1,19.55,0.25,14.62,4.52
O-101039,2023-04-27,Technology,Accessories,GA,Consumer,3,27.62,0.17,68.49,11.57
O-100100,2023-04-27,Technology,Accessories,IL,Consumer,1,40.91,0.11,36.45,8.85
O-100859,2023-04-27,Technology,Accessories,FL,Corporate,4,38.37,0.16,129.44,19.24
O-101118,2023-04-27,Technology,Laptops,CA,Consumer,5,65.41,0.21,259.54,64.58
O-100265,2023-04-27,Office Supplies,Binders,PA,Consumer,3,29.54,0.23,68.15,17.16
O-100985,2023-04-27,Furniture,Bookcases,NC,Consumer,1,20.92,0.14,17.91,6.86
O-100196,2023-04-28,Technology,Accessories,NC,Corporate,2,31.82,0.12,55.72,11.8
O-100055,2023-04-28,Technology,Accessories,FL,Corporate,5,48.2,0.17,201.19,43.75
O-100993,2023-04-28,Office Supplies,Binders,TX,Consumer,2,18.3,0.12,32.25,3.44
O-100481,2023-04-28,Furniture,Bookcases,NC,Corporate,1,50.6,0.19,40.88,9.38
O-100666,2023-04-28,Technology,Phones,WA,Consumer,4,32.5,0.18,106.09,23.71
O-101047,2023-04-28,Furniture,Bookcases,NY,Corporate,5,36.82,0.17,151.88,36.91
O-100426,2023-04-28,Office Supplies,Storage,TX,Home Office,3,24.62,0.16,62.12,9.75
O-100801,2023-04-29,Office Supplies,Paper,WA,Home Office,1,30.12,0.2,24.17,2.98
O-100665,2023-04-30,Technology,Phones,NC,Corporate,5,63.04,0.21,249.33,32.42
O-100854,2023-04-30,Technology,Accessories,NC,Corporate,3,44.96,0.06,126.74,24.75
O-100315,2023-04-30,Technology,Accessories,NY,Consumer,4,25.5,0.17,84.3,15.26
O-100784,2023-05-01,Office Supplies,Paper,GA,Home Office,2,22.76,0.07,42.29,5.17
O-100628,2023-05-01,Technology,Phones,GA,Consumer,5,26.62,0.09,120.84,29.5
O-100423,2023-05-01,Furniture,Bookcases,OH,Consumer,2,27.2,0.08,50.31,12.88
O-100345,2023-05-01,Furniture,Tables,FL,Consumer,1,22.28,0.16,18.76,2.49
O-100034,2023-05-01,Technology,Laptops,NC,Consumer,3,26.55,0.19,64.7,12.27
O-100928,2023-05-01,Furniture,Chairs,OH,Corporate,4,23.74,0.17,78.61,24.25
O-100153,2023-05-01,Technology,Accessories,FL,Consumer,3,38.26,0.08,105.55,40.68
O-100125,2023-05-02,Office Supplies,Binders,IL,Consumer,4,18.97,0.19,61.31,20.5
O-100434,2023-05-02,Office Supplies,Paper,WA,Consumer,1,44.41,0.21,34.9,12.96
O-100456,2023-05-02,Office Supplies,Binders,NY,Consumer,1,23.73,0.15,20.28,6.75
O-101105,2023-05-02,Furniture,Bookcases,GA,Consumer,3,32.79,0.05,93.76,30.04
O-100029,2023-05-02,Furniture,Bookcases,FL,Home Office,4,36.27,0.22,112.97,35.77
O-100252,2023-05-02,Office Supplies,Paper,PA,Corporate,3,24.92,0.03,72.74,14.1
O-100601,2023-05-02,Technology,Phones,NC,Corporate,3,32.8,0.07,91.7,13.18
O-100406,2023-05-02,Technology,Laptops,PA,Consumer,4,30.23,0.03,116.78,19.69
O-100602,2023-05-03,Office Supplies,Storage,GA,Home Office,5,28.78,0.12,126.51,20.03
O-101125,2023-05-03,Technology,Laptops,NC,Home Office,2,31.75,0.06,59.93,22.11
O-100470,2023-05-03,Furniture,Chairs,PA,Home Office,2,14.67,0.08,27.1,6.67
O-101021,2023-05-03,Office Supplies,Binders,GA,Corporate,2,21.1,0.1,37.81,11.72
O-100924,2023-05-03,Office Supplies,Binders,WA,Home Office,1,20.57,0.17,17.16,6.47
O-100124,2023-05-04,Technology,Laptops,PA,Corporate,3,36.14,0.22,84.7,18.78
O-100137,2023-05-04,Furniture,Bookcases,NC,Consumer,3,18.86,0.13,49.31,15.7
O-100978,2023-05-04,Technology,Laptops,TX,Consumer,1,27.97,0.17,23.15,7.57
O-100366,2023-05-04,Technology,Phones,IL,Consumer,5,32.8,0.23,125.49,48.87
O-100646,2023-05-05,Technology,Accessories,NY,Consumer,4,25.62,0.16,85.7,12.09
O-100966,2023-05-05,Technology,Phones,NC,Corporate,5,34.31,0.3,120.73,45.92
O-100638,2023-05-05,Technology,Accessories,OH,Consumer,1,56.61,0.26,41.91,4.56
O-100969,2023-05-05,Office Supplies,Binders,NY,Consumer,3,26.55,0.12,70.39,9.75
O-100512,2023-05-05,Technology,Phones,FL,Home Office,5,32.92,0.25,122.83,32.08
O-101089,2023-05-05,Office Supplies,Binders,OH,Corporate,2,16.38,0.08,30.19,4.95
O-100377,2023-05-06,Technology,Phones,WA,Consumer,2,58.72,0.04,112.51,24.79
O-101153,2023-05-06,Furniture,Chairs,GA,Corporate,2,40.75,0.04,78.41,13.81
O-100439,2023-05-07,Office Supplies,Paper,CA,Consumer,5,38.97,0.13,168.6,31.97
O-100072,2023-05-07,Technology,Laptops,WA,Home Office,2,38.59,0.26,57.36,15.66
O-100338,2023-05-07,Furniture,Tables,WA,Consumer,4,25.33,0.15,86.05,29.28
O-100990,2023-05-08,Furniture,Tables,FL,Home Office,5,20.47,0.28,73.66,12.03
O-100192,2023-05-08,Furniture,Bookcases,NY,Consumer,2,26.14,0.31,36.31,14.38
O-100400,2023-05-08,Furniture,Bookcases,CA,Corporate,5,50.58,0.24,191.81,36.87
O-100617,2023-05-08,Office Supplies,Binders,WA,Consumer,2,35.01,0.06,65.51,25.54
O-100232,2023-05-09,Office Supplies,Binders,GA,Consumer,1,30.65,0.03,29.66,9.1
O-100611,2023-05-09,Office Supplies,Paper,FL,Consumer,4,33.37,0.05,126.4,23.06
O-100937,2023-05-09,Office Supplies,Storage,GA,Consumer,2,43.74,0.12,77.3,10.82
O-100799,2023-05-09,Technology,Accessories,GA,Corporate,3,50.85,0.07,141.73,22.21
O-100647,2023-05-09,Office Supplies,Binders,CA,Corporate,5,21.95,0.03,105.93,19.22
O-100956,2023-05-09,Office Supplies,Storage,PA,Consumer,1,42.07,0.13,36.56,5.49
O-100490,2023-05-09,Furniture,Chairs,NY,Consumer,5,20.67,0.15,87.51,9.95
O-100654,2023-05-09,Furniture,Chairs,TX,Consumer,4,29.31,0.07,109.54,25.11
O-100838,2023-05-10,Furniture,Bookcases,GA,Consumer,2,19.74,0.38,24.33,2.48
O-100777,2023-05-10,Furniture,Chairs,CA,Consumer,3,29.97,0.07,83.48,28.93
O-101171,2023-05-10,Furniture,Tables,OH,Corporate,3,57.55,0.1,155.78,37.08
O-100951,2023-05-11,Office Supplies,Paper,IL,Corporate,5,31.88,0.14,136.3,25.09
O-100726,2023-05-11,Technology,Phones,WA,Consumer,2,38.46,0.17,63.91,13.17
O-100237,2023-05-12,Furniture,Bookcases,NY,Corporate,1,20.58,0.05,19.53,7.68
O-100826,2023-05-12,Office Supplies,Storage,NY,Corporate,4,17.99,0.17,59.42,8.01
O-100723,2023-05-12,Technology,Laptops,GA,Consumer,2,48.06,0.04,91.95,25.89
O-100881,2023-05-12,Technology,Laptops,IL,Consumer,3,24.96,0.05,71.46,20.86
O-101167,2023-05-12,Furniture,Chairs,PA,Home Office,1,19.18,0.2,15.28,5.55
O-100387,2023-05-13,Technology,Laptops,WA,Consumer,3,18.09,0.1,48.84,7.08
O-100695,2023-05-13,Furniture,Tables,WA,Home Office,4,33.81,0.03,130.96,33.9
O-100463,2023-05-13,Office Supplies,Paper,NY,Consumer,1,53.16,0.11,47.52,4.95
O-100392,2023-05-14,Furniture,Bookcases,WA,Consumer,5,18.66,0.15,79.12,12.26
O-100154,2023-05-14,Furniture,Tables,CA,Consumer,1,35.1,0.11,31.4,9.77
O-100849,2023-05-14,Furniture,Bookcases,CA,Consumer,2,23.37,0.13,40.64,13.25
O-100245,2023-05-14,Furniture,Chairs,TX,Consumer,3,8.88,0.16,22.37,5.13
O-101102,2023-05-14,Furniture,Tables,OH,Corporate,5,24.83,0.08,114.72,27.53
O-100789,2023-05-16,Furniture,Chairs,NC,Consumer,1,19.27,0.04,18.41,5.15
O-100945,2023-05-16,Furniture,Bookcases,FL,Consumer,3,26.12,0.15,66.7,22.88
O-100186,2023-05-16,Technology,Accessories,TX,Corporate,1,47.78,0.07,44.54,8.32
O-101061,2023-05-16,Technology,Phones,FL,Consumer,1,14.22,0.18,11.7,2.53
O-101055,2023-05-16,Office Supplies,Storage,WA,Consumer,5,27.51,0.08,125.92,42.25
O-100942,2023-05-17,Office Supplies,Paper,CA,Corporate,3,29.45,0.28,63.57,14.87
O-100584,2023-05-17,Office Supplies,Storage,PA,Consumer,3,35.79,0.17,89.51,28.13
O-101000,2023-05-17,Furniture,Bookcases,TX,Corporate,1,28.18,0.1,25.31,6.24
O-100553,2023-05-17,Furniture,Tables,FL,Corporate,1,28.88,0.12,25.3,4.41
O-100943,2023-05-17,Technology,Laptops,IL,Consumer,1,21.53,0.14,18.43,6.07
O-100687,2023-05-19,Furniture,Tables,IL,Consumer,5,28.9,0.19,117.62,37.12
O-100235,2023-05-19,Technology,Phones,FL,Consumer,4,58.08,0.13,202.77,41.52
O-101140,2023-05-19,Office Supplies,Paper,PA,Consumer,2,32.63,0.02,63.69,10.47
O-100041,2023-05-19,Office Supplies,Storage,WA,Consumer,2,32.81,0.04,63.18,24.06
O-100910,2023-05-20,Office Supplies,Binders,IL,Corporate,5,13.83,0.2,55.21,12.96
O-100657,2023-05-20,Furniture,Bookcases,CA,Home Office,1,15.46,0.19,12.53,3.84
O-100607,2023-05-20,Technology,Laptops,GA,Consumer,5,56.61,0.19,229.42,24.03
O-101104,2023-05-20,Technology,Laptops,NY,Consumer,2,23.87,0.05,45.54,10.53
O-100251,2023-05-20,Furniture,Chairs,FL,Consumer,5,23.78,0.06,112.17,30.79
O-100279,2023-05-20,Furniture,Bookcases,WA,Corporate,2,31.22,0.12,55.11,7.57
O-100998,2023-05-20,Office Supplies,Binders,OH,Consumer,3,10.51,0.04,30.15,10.41
O-101051,2023-05-21,Furniture,Bookcases,NC,Corporate,5,28.47,0.24,108.29,11.83
O-100515,2023-05-21,Furniture,Tables,WA,Corporate,2,24.92,0.17,41.45,15.8
O-101062,2023-05-21,Furniture,Chairs,NC,Home Office,2,27.92,0.01,55.37,20.05
O-100670,2023-05-21,Office Supplies,Binders,GA,Corporate,3,14.14,0.19,34.53,4.59
O-100074,2023-05-22,Technology,Phones,OH,Corporate,1,55.56,0.16,46.84,7.26
O-100934,2023-05-22,Technology,Laptops,NY,Consumer,4,27.45,0.41,64.39,8.24
O-100578,2023-05-22,Technology,Accessories,IL,Consumer,4,40.15,0.14,138.19,37.33
O-100472,2023-05-22,Furniture,Chairs,IL,Consumer,5,24.12,0.27,87.68,15.11
O-100491,2023-05-23,Technology,Laptops,NY,Consumer,4,46.75,0.2,150.04,16.19
O-100549,2023-05-24,Technology,Accessories,IL,Home Office,4,60.45,0.1,216.94,70.3
O-100318,2023-05-24,Office Supplies,Binders,TX,Consumer,3,45.98,0.14,118.58,40.35
O-100465,2023-05-24,Furniture,Chairs,GA,Home Office,3,17.79,0.19,43.33,10.1
O-100162,2023-05-24,Office Supplies,Paper,CA,Corporate,1,17.27,0.05,16.41,6.22
O-100474,2023-05-25,Office Supplies,Paper,OH,Consumer,3,18.55,0.24,42.24,15.56
O-101177,2023-05-25,Furniture,Chairs,TX,Consumer,3,17.5,0.15,44.71,9.72
O-100107,2023-05-25,Furniture,Chairs,OH,Consumer,5,20.3,0.14,87.37,22.77
O-100012,2023-05-26,Furniture,Tables,NY,Consumer,3,32.27,0.44,53.99,6.98
O-100606,2023-05-26,Furniture,Bookcases,OH,Consumer,1,30.38,0.04,29.15,5.79
O-100886,2023-05-27,Office Supplies,Storage,NY,Corporate,5,44.94,0.06,211.29,27.43
O-100354,2023-05-27,Furniture,Chairs,NC,Consumer,3,25.27,0.28,54.51,19.88
O-100386,2023-05-28,Office Supplies,Storage,TX,Corporate,5,19.7,0.07,91.43,23.73
O-100808,2023-05-29,Office Supplies,Paper,CA,Home Office,1,13.13,0.06,12.38,2.14
O-100952,2023-05-29,Furniture,Bookcases,NY,Corporate,2,17.24,0.2,27.67,6.78
O-100852,2023-05-30,Technology,Accessories,TX,Home Office,1,73.2,0.04,70.2,18.61
O-100869,2023-05-30,Technology,Phones,WA,Home Office,2,33.52,0.07,62.02,20.98
O-100495,2023-05-30,Furniture,Bookcases,PA,Corporate,1,39.45,0.31,27.41,10.1
O-100246,2023-05-31,Technology,Laptops,CA,Consumer,2,39.4,0.13,68.33,24.78
O-100790,2023-05-31,Technology,Phones,NC,Consumer,5,31.09,0.13,135.31,43.45
O-100081,2023-05-31,Furniture,Tables,GA,Corporate,3,48.65,0.09,132.35,45.97
O-100004,2023-06-01,Technology,Laptops,PA,Corporate,1,41.08,0.26,30.28,3.41
O-100535,2023-06-01,Office Supplies,Storage,TX,Home Office,2,25.23,0.27,36.61,8.68
O-100526,2023-06-01,Office Supplies,Paper,NC,Consumer,4,34.04,0.34,89.62,14.06
O-100045,2023-06-01,Technology,Accessories,GA,Home Office,4,22.53,0.36,57.29,21.58
O-100599,2023-06-01,Office Supplies,Binders,TX,Home Office,3,19.77,0.04,56.72,10.5
O-100361,2023-06-02,Furniture,Tables,PA,Consumer,2,38.2,0.07,70.84,14.6
O-100660,2023-06-02,Furniture,Chairs,NY,Corporate,1,16.27,0.16,13.72,3.42
O-100168,2023-06-02,Office Supplies,Storage,GA,Corporate,2,12.91,0.04,24.85,3.89
O-101074,2023-06-03,Technology,Accessories,CA,Consumer,4,44.19,0.03,170.77,47.59
O-100652,2023-06-04,Furniture,Bookcases,NC,Consumer,4,46.99,0.04,181.26,39.11
O-100914,2023-06-04,Office Supplies,Binders,IL,Home Office,3,27.51,0.09,75.07,21.02
O-101029,2023-06-04,Furniture,Tables,PA,Consumer,3,8.29,0.09,22.53,3.39
O-100999,2023-06-04,Technology,Laptops,FL,Consumer,5,30.06,0.19,122.44,16.23
O-100648,2023-06-05,Office Supplies,Paper,PA,Consumer,5,31.26,0.13,136.57,46.03
O-100664,2023-06-05,Technology,Phones,FL,Corporate,5,58.62,0.06,276.37,42.46
O-100160,2023-06-05,Furniture,Tables,NY,Consumer,3,27.09,0.41,48.18,18.42
O-101185,2023-06-05,Office Supplies,Paper,CA,Consumer,1,36.99,0.18,30.36,4.03
O-100705,2023-06-05,Office Supplies,Storage,OH,Corporate,5,55.3,0.09,250.54,46.16
O-100256,2023-06-05,Office Supplies,Storage,GA,Consumer,1,27.68,0.04,26.45,6.97
O-100707,2023-06-05,Office Supplies,Binders,OH,Home Office,3,22.98,0.23,52.88,7.0
O-100716,2023-06-07,Technology,Laptops,NC,Consumer,2,42.17,0.22,65.73,9.76
O-100836,2023-06-07,Technology,Phones,NC,Consumer,3,56.02,0.08,154.88,30.93
O-100334,2023-06-08,Furniture,Chairs,PA,Home Office,2,23.96,0.01,47.21,16.56
O-100288,2023-06-08,Office Supplies,Binders,OH,Corporate,4,25.77,0.07,96.21,15.01
O-101006,2023-06-09,Technology,Phones,NC,Home Office,2,22.39,0.05,42.6,11.28
O-100410,2023-06-09,Office Supplies,Storage,WA,Corporate,4,18.82,0.16,63.15,15.02
O-100986,2023-06-10,Technology,Laptops,TX,Home Office,3,18.97,0.25,42.68,11.33
O-100844,2023-06-11,Office Supplies,Paper,CA,Consumer,1,23.1,0.05,21.85,2.39
O-100586,2023-06-11,Furniture,Chairs,IL,Consumer,2,25.77,0.17,42.73,4.48
O-100592,2023-06-11,Furniture,Chairs,WA,Corporate,3,24.9,0.18,61.37,10.36
O-100249,2023-06-13,Office Supplies,Storage,CA,Corporate,4,36.81,0.24,112.33,24.84
O-100442,2023-06-14,Technology,Laptops,NY,Corporate,1,27.63,0.04,26.46,9.84
O-100877,2023-06-14,Furniture,Chairs,PA,Corporate,3,14.34,0.08,39.44,9.25
O-100496,2023-06-15,Technology,Accessories,OH,Home Office,3,47.33,0.24,107.45,40.04
O-100504,2023-06-15,Furniture,Bookcases,TX,Consumer,2,13.32,0.06,24.98,4.01
O-100557,2023-06-16,Office Supplies,Paper,CA,Corporate,5,26.59,0.19,108.13,28.0
O-100980,2023-06-18,Technology,Phones,NY,Consumer,5,22.66,0.07,105.87,20.95
O-100231,2023-06-18,Furniture,Chairs,GA,Corporate,1,17.3,0.1,15.61,5.53
O-100865,2023-06-19,Furniture,Tables,TX,Consumer,4,38.75,0.08,141.88,15.33
O-100510,2023-06-19,Furniture,Chairs,TX,Consumer,3,17.88,0.05,51.11,11.17
O-100376,2023-06-19,Technology,Laptops,CA,Home Office,2,28.95,0.09,52.93,14.74
O-100096,2023-06-20,Furniture,Tables,NC,Corporate,3,18.31,0.02,53.8,16.87
O-100352,2023-06-21,Furniture,Tables,FL,Consumer,5,16.53,0.34,54.64,19.08
O-100227,2023-06-21,Technology,Phones,NC,Corporate,4,37.24,0.3,104.57,18.26
O-100923,2023-06-21,Technology,Accessories,FL,Corporate,5,19.14,0.17,79.31,26.07
O-100868,2023-06-21,Furniture,Chairs,NC,Consumer,3,23.47,0.09,64.38,24.52
O-100968,2023-06-22,Furniture,Tables,NC,Consumer,1,19.3,0.41,11.33,1.16
O-100641,2023-06-23,Office Supplies,Paper,TX,Consumer,4,21.74,0.07,80.46,16.61
O-101090,2023-06-26,Office Supplies,Paper,NY,Corporate,3,14.74,0.2,35.41,8.83
O-100270,2023-06-27,Technology,Accessories,TX,Consumer,2,40.98,0.25,61.77,23.67
O-100853,2023-06-30,Technology,Accessories,WA,Consumer,2,45.72,0.13,79.67,8.55
O-100248,2023-07-03,Furniture,Bookcases,FL,Home Office,1,21.7,0.06,20.31,6.95
O-100908,2023-07-03,Technology,Accessories,CA,Consumer,5,43.43,0.08,198.93,50.86
O-101087,2023-07-04,Office Supplies,Storage,GA,Consumer,5,34.45,0.05,164.2,39.96
O-100627,2023-07-05,Technology,Laptops,OH,Consumer,2,29.76,0.2,47.33,13.02
O-100636,2023-07-05,Furniture,Bookcases,WA,Corporate,2,41.83,0.1,75.46,12.79
O-100191,2023-07-06,Technology,Laptops,CA,Home Office,2,18.16,0.09,33.15,5.47
O-100152,2023-07-08,Furniture,Bookcases,OH,Consumer,3,16.46,0.16,41.56,11.85
O-100697,2023-07-09,Technology,Accessories,CA,Consumer,3,27.65,0.05,78.38,25.77
O-100787,2023-07-10,Furniture,Bookcases,WA,Consumer,3,24.47,0.15,62.71,10.82
O-100220,2023-07-10,Office Supplies,Binders,CA,Consumer,5,22.18,0.16,93.37,22.86
O-101003,2023-07-11,Technology,Laptops,PA,Consumer,5,87.47,0.12,386.74,117.29
O-100524,2023-07-11,Technology,Accessories,NC,Consumer,1,46.02,0.07,42.58,4.85
O-100222,2023-07-13,Office Supplies,Paper,WA,Consumer,5,16.91,0.08,77.72,13.75
O-100340,2023-07-19,Furniture,Bookcases,OH,Home Office,4,41.01,0.2,131.2,14.91
O-100134,2023-07-22,Technology,Accessories,TX,Consumer,5,41.05,0.13,178.35,54.47
O-100644,2023-07-29,Office Supplies,Paper,OH,Home Office,3,43.45,0.02,128.39,41.76
O-101192,2023-07-29,Furniture,Tables,IL,Home Office,4,19.64,0.11,69.64,21.73
O-100069,2023-08-02,Office Supplies,Binders,CA,Consumer,3,31.51,0.21,74.53,15.31
O-100737,2023-08-05,Technology,Phones,NY,Consumer,4,29.48,0.2,94.22,21.98
O-100507,2023-08-07,Office Supplies,Paper,OH,Home Office,4,23.81,0.1,85.82,33.65
O-100851,2023-08-10,Office Supplies,Binders,GA,Consumer,4,14.17,0.11,50.35,7.71
O-100379,2023-08-11,Office Supplies,Storage,OH,Consumer,1,12.65,0.16,10.56,2.63
O-100938,2023-08-12,Office Supplies,Storage,WA,Corporate,2,21.23,0.12,37.45,5.9
O-100829,2023-08-13,Office Supplies,Storage,OH,Consumer,4,16.64,0.13,57.76,8.79
O-100129,2023-12-08,Technology,Laptops,FL,Corporate,1,41.71,0.22,32.54,3.99
